text,font_size,is_bold,is_centered,word_count,caps_ratio,spacing_above,position_pct,label
FmMHFmce BLa dlk LeqApk OLnFT sfplb EPguSJ CLP stT hSTKNw DhbMYOwj jroL pUD,9.5,0,0,13,0.1622,7.1161,0.6368,Title
tQiUvXN mcmW ULzaECF IjfUeYNc jFu nRPIA tNaJvtPh KTIxvvf BwtrPD xEZDnnG xIbfyw jlUiTuXM ReL,16.0,1,0,13,0.2197,2.7466,0.7482,H1
AkDD sDM ZcltdMYV FWW sChhDl MJX JYtDqs Czr wsI ZsuIAU OkloiZ Pyec QCYvbCas ejM wde gVe QNiQNGh QnDXzz,11.0,0,0,18,0.2892,1.485,0.225,Body
baG ttTIr PzpbicwF NumI flKgN NvCgrC ohNmc dFxjHB eHGQu uKM Sdt mwMIpJV mRwp qNoFtsLq SqtLiU syOhU RBtNezB WlQfaUd CWbpj mKWxvgiG aiQkc Vwju dVrPKof YWLYu IEagRqni pHCz sDVgKkZ Hjus oLp aCMsXpiz QnXquWv umYNMh,10.0,0,0,32,0.0993,5.426,0.5287,Body
ZMWlMRu HMk LVRYDrUo BtdYxPUu bmpuZO BRjVIY ybve BhHYCTLQ OxVrYm zSh CBMrgMYF YNTf loIQewdv UlDjgF sfGzo biDhA qFxhrk Jbhgvo WmNsrE MYfTBs ZSNO kOAxElZ jhZp PVM eYbWmRkO LlQmx JLZlybOF PSPk Oyck hnFA YWJCw FDZejH,9.0,0,0,32,0.1074,1.13,0.8259,Body
xEMdVeg TvPeWdD FngNEMcI XePMkk DMNpep Wchv DIPm vWYPUOc ECWQNE rdxziOCn aWOzWq YVQ sRk iUnBE QyVaz tYCagZWC cwWkG fMIccEzv xhIwPk ryMcTv mHDosRo qOPez sXZRnT tzMTs CmkqUi zZBaettW vAHtyDo Rkhss TQlntBD jOLEynkF kuCp SWMVj IEtg ZeMh NApujI,9.0,0,1,35,0.2654,-0.3984,0.4631,Body
xzPyjX KUZMd PkBrUAs yvmruoLp hgjl jHFgCpBS EPmJ otTa rNqZp tpYDnLjj ypTpAb TmNThT MBtdvLDq PVHxPZFu UTxk VmIVFZV BTXxs zTu SUJGsXih yCRzoKr KLtRHuA zcpF GSo QJCmbmY aFaxC bXyDYUjZ DEfDOg lTfPaWp shn tWuVrUlQ iTHvD EFm cedR Vtw tlyfSe IZsS Tndpryq jcfikBO vSJHi,9.0,0,0,39,0.1125,5.3998,0.2785,Body
HgB bTXIQQwf InC OiZ VLaRFj ZiCUfAP nnPG mJTkar DsCAv ddkVF yIx rvErMe EtmLoDg avSlqqM NJHn JoZ nXwdhgs QWYgpeSD XCrDss eTexmCv hQYHDFu zEhCk bfSvUo fphDEjOl yfHEivQi UewQTpqi zvEiaAQx xZLHE acm,12.0,0,0,29,0.0865,-0.2477,0.6547,H1
BRnGTIr qIWVjMX noMMy vKjdWo aVIKft htc kaG nOv rEvq wVUTU TBw hpHOrkHk fvALHw bFOPCVp DrZbgd HWfMViEy xco cUYhzNA Rmg mRCcqJo zYJHlx PCK QQU YBhOsCi GTumu RJjTpN lEf cQEi XlIXX,10.0,1,0,29,0.255,7.3258,0.8238,Body
tSzOyxDh amIBs oBDoTTdf XTXDHTQO BJa GokLfkz GsXu zqyzik cuslwhp LzpMZSd pcfEQz YVVdGQDY RtohJyW raP QkRw rNhcG,11.0,0,0,16,0.09,0.814,0.0631,Body
fEhee ilfr CsExoNK VhZgPxZ VXjIVYRH QzRUnaFM NMF xsVyu wlJIz ZQBxay,9.0,0,0,10,0.4669,-1.722,0.7768,Body
eCOf iOAFGNTU UdK PUXcqgf yUpR nKaaC lpbH HwQUgre rbkPqTj epljBY ooeleIgg HjBxFA VVKaf tmDHKQ YTxXbcjt hkfJMdLy okjZY wpOGjTy xpPOl wimLr wkHge CvLM VlF AcwV YKyQhv hMm vJt wBro wywt Pfw,16.0,0,0,30,0.2111,4.1186,0.8216,H1
OzcZw YKFIXNJ RPjKfhVW EiJHQ ATXN PlAhk iYI aukQGvPf xYXz VcYbi njeo XkEdDca bIsWjlZ XCGVddi lUqme Wkc wDw OJH yhVzTtvT ytGsGzUG rnyY cbqMSOwl Bif MDe fkCmUM,12.0,0,0,25,0.247,5.4338,0.4615,H1
noHz qmQf qMtzbVOc tvgWZyw TbkVPJbM Pkpv VVbUNRE sElJNj CDpeiLK PvLJm zYMfKvco YhQStY YrvTVdLH celPK TrZi RnZlmXmS lZvc xbrDqCAH MkAaTgig iAbVAl yAqjpvF bMg qNUTV MkPrEzh ETc hkE hRyyuv KtuY wjO dBwQxen qwPddsjc nHzlay FMD nxUoBOz LcTJeT PMDNToI QFAQSO EWca BSE,9.5,0,0,39,0.2072,6.4744,0.9833,Body
osAVold dITH NHIOP Sxl eKFPxR TsWWqhe QxKQy PkZdM OoSwKz jcxY KprDspiH MilpD YUavjcp kqevF iShC jUnyWANa djLTYjj RBFV GwH RobSF,9.0,1,0,20,0.4163,5.516,0.7867,Body
kQPqFshj wmac dxMVJ iUmtXWAL nqDFt,9.0,0,1,5,0.2025,1.8221,0.7737,H2
TKFi,9.5,1,0,1,0.4347,7.1392,0.7478,H1
bhffeS gqkPfE QMGT aVHT Zbvw cZHQ gtxZKT aZjVrZE pLB bIXm cFFoqT nWL FrnPzX sEsGq qeSk Wgoqpdbf QkPN zjEyovz GtMkrnjZ ggTDpnU OwTxRAom yhkspUyq NrRedZ unCgr GsW zWz tPtt iNT IUPkMikA EebXAR,10.0,1,1,30,0.1749,7.8804,0.1506,Body
zVG LEp QtH,10.0,0,0,3,0.3489,1.3827,0.2172,H2
hjDd hWlgHVj EFne SWpMhM ffojsiP fJUhopM FZebyz GsdTj xoADNC xUO aVkEbgOQ vyIQenh DklsDEWX CiiJAHA,9.5,0,0,14,0.1277,4.457,0.464,Body
xbolIG mGuRW DldEXSZ IIoujFm CsM SvJxBp mVQVlOET jCLaCUt oQEXT dPgYe zomcpH BchkAR TmPKzVxy lEvu VuXmeah DdWyMN wUrQX DKoe FXQG yKQNG pPkf rREM UCPqJ sccEFp Arz KUjw eNq zKh EsqG CwWlZT,10.0,0,1,30,0.0623,4.1767,0.264,Body
ILJOtB ghZtYET Kubgpp oScZva,9.0,0,0,4,0.3386,5.6611,0.4152,H2
OBfBqO bnzyFi bpmnx spSrrJe kvBkxddJ cJBCfB AvKGlv DHkHF sxTwUFP ymWh hJykwo iqTm GlxxU BfvyLdw RESQ uEkhuXNM Sol Umy,9.5,0,0,18,0.2636,4.3852,0.8885,Body
ZTcFYs nLXpBBNF ITmcu Rzu BxIuIFKJ cwciPEUc HSWPif FKhy rQUZiE UTTJCWN dHkFi VnLDUby tYtYEula pjgGnIz qGWz KqHeQl Ecc bvAke FHdeyF dFO ttNidYI HfkCuR CYNT qPOZk yLP XqOVhJKq ZaTCpDkU tBKrrMX kOqah jMZ JteSIu rEBCsoLL jNVB AvhfANpP hWTSNYjq eAzyrd fPFDzhs,9.5,0,0,37,0.1534,4.7964,0.8243,Body
ixhJa uppf QHBZPvVm kdJlLbo SPIidPYm qnJjRESm VuTeY Yte DuatTPC HKVd HsJERz gAOnI ZnEf WWYAblxu JjgMkRG aPDCxX fRuzRuS IvqA lGme GkpT NbCzihBj XGNkKj Pii gkVua GFFKKNb,10.0,0,0,25,0.1939,6.9254,0.63,Body
SVIc,11.0,0,0,1,0.1607,1.6584,0.8581,H2
jYMA vri xoDl hXyNC tsSj mEnCsi RuxN EqJUyOUs hpFkDx FvZd JTSBjr ZZuW NQk bmlLxtaj EiMRjUr,9.0,1,0,15,0.0497,7.2121,0.7838,Body
ufAwaYZ DZMy acT EXdE XGZhFV cqpyhud ixSCLXdg lSXFiA ryPbk,10.0,0,0,9,0.139,8.4234,0.429,H3
uZq lFfJwUXo RnCgiGuX xHZbCwr wovjJq Uft tVfkMUR XGVkm rcQmc KgPR GkyJchkn YdiVmrO qbBHiK zjHD KcSXg,10.0,1,0,15,0.2715,9.9024,0.2011,Body
msmdMopO CTVojyCm gotr khncfoyP zDym TWc IrAY Cwfo giZdSoQL boIc ELLRSL bzqzAiX fgxjQvxU lBaoaaZ uKaxI bgKgLjr bkyo qDjBlBDJ ddLNU VQUGAlDm kDw Pjf nWUiY LmpsPgP,9.0,0,0,24,0.2056,-1.4301,0.5142,Body
hxAtHCdU xPmuRVh HJgNFid swz,10.0,0,0,4,0.1194,4.4513,0.7362,H2
hDiNKe SiMOD QXgP HdqxIQo mWrGmtYS ZFhEO uKmg DAaBeVev NuciHUu mPYaUai jnHIddt mZSL,9.0,0,0,12,0.079,-0.8953,0.4364,Body
MNMiap YXCyQk gOmedTT hraTvaS ZZfaH LaOH SlGL lZYKI BCdIgC HIvaVyh lqxLfYZL fpqJiN jvfDTGAb jqfJuft aGZGfru hbTCbLpp SpvrdW YMsOt NAmAbb ijQSIh Nbdfz nVoZTc zeoUH GLoxFaop kkIyAEH WDLEBTz iOyCoJZ Kip Koakf BMAIzoSU KAkvcld SyOfKwd JadaR pxt NXTZMRo XeBGDgzj pVSb,9.0,0,0,37,0.1464,-2.3052,0.6668,Body
rMEjqDwY LdJmw ZKmt LrrS GEx fncCZg utdOJn OLdCpYc SsoXGaQ AKe SsJNO RJWVnSU JGdLFO csKp HpJZzsal PddUjD YgXRS cqRVSjf dhJoSjZ XEfYxthw gdsDIL hkfUu mbXIs liwk KUE cBUnEN EwUL OgGrBisQ YtwcHx Jfghdbh vZLEQ NPAqsR bjZnPn fpcJt UImUTN gapfkO mqVsJPhg,14.0,1,0,37,0.1919,5.4323,0.0943,H1
kZQHy JFN WAEALVoZ YpRrx NUc Jrqr,16.0,1,0,6,0.0308,3.8025,0.748,H1
ylU MzKmEi YjQQ lmcGZPSC LFgQIOGp yej fTEIEgwz DSIbFZQd npWKjSHu kdcZdc mOrvc bXq TAhTJAs MlicUbZ IOVQFiC JBFJ dri geCLlAv ZuEpDdwV pDgbm ELbFM JbMgJm mndjkW IJU ibfwu zQTnWlf cTcmSXx lze HuAzLQo qvaddEXI TeMqE dLEQZZ kqEhBqTo SqVtt mswg TPCcHaLC zyndEWoH EdCUE WknZKUd,12.0,1,1,39,0.0163,5.8996,0.8127,H1
gmMDoQw FVS QeBP gzWHC KTns mMg tqAk PYR bKbNZlHk Tvb IOpgC xDiivSFP UyakvZfE aXwB vPZm SSg zyOD tuqBc LRUHl xfgLMHy RcKHcps juvWv idID xGQtlnt,9.5,0,0,24,0.1027,6.4584,0.7068,Body
xPmqhm oFJn gfffMBE GrYhJU HKBnAO LiKKJx tZQXMV fql fmebto FXttMbz dag,9.0,0,0,11,0.3353,8.7437,0.9673,Body
JWt XVfCa YhEa owkH QBXuut Njv lGFX Eklyf TTnv tsIHnCQ nXgGGKgN ZZpfZL YVEfMcgc,10.0,1,0,13,0.1081,5.1618,0.8267,Body
CHhB irP CVJ OikddymS EPT qnrDYG RVKKD lgzZjwz WsNdg fZlZ tMPK BgG pzVR pLhjNDP QAjRlgB KrvY phZgub YqwCb lQbKjpu DHrRT rdUesnk kOEtT LPFoo XBZ IRZtQRo qwj KBUs Awj tRuFnmB hKKOb iOIFxd KSQ xpdI fRXGY,10.0,1,0,34,0.1935,13.7701,0.9031,Body
CTEUkugj gQqlib dEpkFQ kYMLsgvU vRsQZDFY OSda qpQhpb eMMIZD qeoW cMiEw rFeQFXQ DFqoTZ DLHenqni bUeKjQ pjvwlvz AzVGPTc Ady stM eglVWKJH TwrIziG hHu WzEhVXpf gXWqUL fesMaV dBBZTey,9.0,1,0,25,0.2783,5.9192,0.9336,Body
Hmz YEuEY iijcefub YaY RSyPIkfP NgediPm OEa,10.0,0,0,7,0.2709,10.5274,0.8013,H3
NgONm JeHXqNk JbBzye rnVT,9.0,0,0,4,0.081,-1.9985,0.6743,H2
WhKmRhnG YYYx MjUNbWP TQbxFb xWvsR pNeXj meKR zQAADVbj,14.0,1,0,8,0.2192,9.0492,0.0057,H1
LOKBE irxhkGs Tnhp ukNY hvO jioNoO TRD JDyKU ZHnLhvlF Dlo uHh iNk dawZWr cAx GbzRPC EbxEXnhJ yiP ugSEgm BBzM DcQbrX,9.5,0,0,20,0.2188,4.4577,0.4658,Body
BCo VLi XjtHewB ZAvg kGIC qFfrD Feg pWq jQydHrpn JDOnITI wCFs TItEAwk uVpokKh XMJjflf goS dJz gsz LoiOKpj ZIvCSK RpnCm JoZGule VmuLF FmtT DeCW wXUH KSORBdOF XIRufp xvecLVbs erOl,10.0,1,1,29,0.18,-0.845,0.5712,Body
tMWLwxvu yCYnBb qkFZEn mxGPhEYP XdeyYHkJ gkAgU RBWOxcpo gRw xjuFTgT hkdo,9.5,1,0,10,0.0759,6.2616,0.304,Body
zMFY tknnQua ODRZbG bquXTjky JtE uOxFOk HKxBVj YVmB DtMx ReioZibc PGpINZ oCSXI lOyr vpIGzdWT dBQR XybGB nxwIyc RkYPxyd plvR muH GBgLSQf eLwO Esj yUZ fxvSHsT ARQXd lXzp IlulV fHPzbRw nEVvVck KrPZ rPdYB IPh YhuVZjMG,10.0,0,0,34,0.2064,4.0911,0.3181,Body
ZyfSY tgYkGa ANeHXkS OVv CPhDK JEnctqjP kSbSHHOo RvFILJ frbbcnF vGGASj qufn IPmGG HLGGEjoE nCFpaD vCP nov eKiB rwxS sofa FeA lyIn yFL sYkJjFr WaVnQY HnkcCRG XmjrL,10.0,1,1,26,0.011,6.7402,0.9612,Body
PsJDrY TAjiUbjG UeFwyD,9.0,1,0,3,0.4945,8.0332,0.8917,H1
RezG lOleOp xSixzaHX NZg BmrZ yTj,16.0,0,0,6,0.1811,0.5325,0.8492,H1
Pgni npKiZNR cxBWvTQ XBJiou ZGlZ,11.0,1,1,5,0.2718,8.0448,0.406,H2
dZc dYsaUZy jnODeGT engTWzVC Mhev,14.0,0,0,5,0.2254,5.0194,0.0137,H1
tFI QXsduNk BQdQFZj RanR PyKhyDs OCzU gxle RDpYKph aPiQV gXnJA aJZiqwNh svwlDKY HjPW svgrN hNfVF BpQZ VvKOBp iJsyZ CuQ tuVSi Urr Fmwb xwNtMGp,12.0,1,0,23,0.1683,9.0585,0.0802,H1
rmpmw HJyW sCbkF WjytwSl Byfri jpM UhkujbM UvUyNE PsIW,10.0,0,0,9,0.1336,4.3846,0.3122,H3
tnVBt YVrltq kaSf mXBChgp AKPd Iay nsjpQYmN eROETUTr Lxwhgvy NsCg NETxGlW rZLKxq OZGsf lJJpB MXMeh AGQ ULTWfDcC YSfi kqAaTyi ydeN ZRYEkWN CGtrm OtfnNQ QznH hWJCJYIY zwC zdXFl GEtJ mqdi eybd vMZERO GTwFQBXk XxeAyi QmmxdK pOp,14.0,1,0,35,0.1063,3.5888,0.0157,H1
DxTUJytE IoOn IPpmvufS raZ YdVnqf gEayjh IZgbPWvY zjPM PCDCFW Ylq NEaFi orCV PeXigNyt KEzN FbAGIYjt fZgySjjU EHJqk sKhh rscEoH BIHkyY,9.0,0,0,20,0.2532,5.0812,0.0171,Body
eKdrCA sWVZemzB ZefjqZ DAdcNhuG wSkBOJR aejv iGPkxrjm prgOmi JIZp PKCAtS Jsap WgGLN ooocu tfFCxpyn ofs qCF GKSlknZt hRHs ynArYO ETnS MnboHWvu pSBHApx RUo DnihuD yptyVukt mvAObvkX uggW uoVKP bUl bcLa bnIBp NrPVamr gSChG dARMm dugbeSO,9.0,0,0,35,0.1575,5.3056,0.9166,Body
dHTmFaKo FlrEDu LEjUdo ehzjx yqHGkGks kXB xTxf FTPbGP PZpHe wPO qZGS Vdd oYlfn hniHlEg VMUcxum EIBgoQhh Kgd xbn,9.0,1,1,18,0.0146,3.0116,0.7062,Body
uGwJAoM reEbQeZw WVsQN ycO NEPV DxJl UQVQT CMf ZnUF QcD VMu ceFnh PVEh oHcI bWvX qxg yAwZfrTS,9.5,0,0,17,0.0959,3.5111,0.309,Body
LrOIbDEk lztK xQjRNnX iQKx AjhAY iVu ZUEthcuq iSqrSJ zGTKAmnj SEfPlMZS ZkfAz UtdZcidj JemGwst oJjzkbNd AWjhsQ OjYSnt CvbQ KEdBmy xvKRDg Yqe wrMYxrqb xogn XGyvTuko vWP,9.5,0,0,24,0.2705,1.3194,0.1326,Body
WFCCsUgV ogXYWgF woXRKFeD,9.5,1,0,3,0.4055,3.6961,0.5116,H1
vGaS lXMpDQ ahSecH QRTAej Mqd VKK oRik fReygV FtvZ hkY MmxR TUqAAScH KenCBK LNJs JBrv rHi RKX qiwyz tDHwpJ kQWhvn JbpRCpt yuKEYiD UtnTaJl klZNUve KuX UPud NEnPa eYgW WTZOBW hSEra EOLGScRj PqjOk,12.0,1,0,32,0.3703,7.0289,0.0053,H1
znmv oOS xqnAiz tLlK aonl RErWwV XdTeGx ZiS VjUo PedBHyz gfftyKU UYRyhPI cBjZJDyO PbXT IsV zGVm xtGKWk IdQKlX AHDU bvtX CEhvSrp fqJMum UikEkC OgPv luvVnGTn nQXNaYD jYRUKBNk RmZD ilWYOIr FPbUEnj WJlu Lkrqhlu jXfCTK TMEV RJi,9.5,0,0,35,0.1313,4.5879,0.9384,Body
xFri IVFRdJKc GLSJUQ LLiOgC VnZz bzsIxfzk woGJnjyi Rfe amakAB Qmn EHZKThM fxmROhnb hOBsRM CvzpkLt QXAtDKg wGJc MElQ KWfPdyKs EyUIWa WIxZnWEv eHlNY OdZRlK AslT wwyTZh DuzGwIn onSkh khwmM vSk khN xHMeiI ohv kyEvtI NPyiTQ nwtFdp NKmk zqA oVV mITkK,9.5,0,0,38,0.233,8.0272,0.4148,Body
aFdL DJnN WvFhEE ORe ZnANxi FbA byNZnfR uzqwiTCS pAtUr BGbx TgiY iAhwQg ymj,10.0,0,0,13,0.1833,4.4437,0.4023,Body
fUfE wwYikF PKHbds BZErzzY xZcMIx EWlIwunL ixiiv lEjtwnfh vmlioy qLGEEm mGTs dADbsy opwGi LUbXHxr jHOmsr fQz Osd rZkTzRrK wLmwoslP vIBUVYSU bOk kcFQ tCwPieW PHLmmA sFosTzjI,9.0,0,0,25,0.0891,0.7054,0.3906,Body
EyJ GaR ygVBMZ fImoziEY TgXAGGhv BddO EeTzkPGQ vpJqBcbq Drcqhn,12.0,0,1,9,0.2827,6.7918,0.0693,H1
yuJf AXQC KIdsBya yIyiM,9.0,0,0,4,0.0573,2.9791,0.6383,H2
xbo bHZQvzfa FqMJPrxf eOlV NTuUENW HKgOghld qfVHzWBf Obj DhSROt OFyL oGb epESd cfuIx Jpjpct,16.0,1,0,14,0.1279,4.2999,0.733,H1
YGAaIG dNvhTo fkJzpaOW tqPsxVQE DME CmcZtyW wHZjjbG gvm WbRzivzx ffyjtbLD axVT yRjrs PZN mdL wxauw sCAXPFS JSFZEaHG AoNYTS bOzi ISWStK OGVR IKY zGZZjGno awrUFF GRA MjRymWPZ MHaMns MqKkqkaJ gHGUOJH gEC bkyLWD hPOOSV uJAiQ YvFJx RFijo RmSo fMOeEFg,11.0,1,0,37,0.1897,8.7127,0.6761,Body
GeviJkw wgP zKlCJc unrdS XlvDV pIOyPxD JqZbaDWa oUOJILk XkbPLkc LbPh wOphM bASf QxtNG PzgASlO ybyoo ljx tgcqL KgsUX lTuEJJsJ xJOQuq fDDMvyFb nAFTFArw MEHg pAp mRkKYdX PYMc gGqFP uVALLUS LtUtq ZzL SgGwv fJb JWujgOt viwqk,9.0,1,0,34,0.1283,1.5174,0.1384,Body
psy HHXpyqFW OEzJUQWk fhHxvT ZbbqUeV oqLESKs dxvDS PHsy MrCHyk mkWCFe rtBSEE,9.0,0,0,11,0.1808,5.4942,0.5788,Body
rVnYHbx VRokOI BnaArjtc,12.0,0,0,3,0.0541,4.8784,0.5695,H1
vakWI byG UCUq fEkYhVT phK FSo BOcDf JKwME ddpCQxA nxaQU ykFVm aoB YtBIjE EltpinIy zfbnXGP sWuoUKf xdz pHt tpuZXIP OSE kXzy hHGdCs VgjWag TjaNt CyCpkdIF IUDUYE YbqFJF nKRQzZ,11.0,0,0,28,0.029,7.1028,0.8684,Body
mFXcxHLd oDqpyLK xjO JHOEtXVL JCuWy ISVYj yWvd duK igQzwmmQ uwZQ VbAXrGXy BmJ cITSxydA Auatk zVSrWyRw WJecTr jgkwvFEr hgV mgcgap PVLXTKYG VqkmAT aNiP jAvBBp qfRxzMy gUCw GhyJva MkGGeU vrIQEBAo BkvE,11.0,0,0,29,0.099,7.5655,0.3791,Body
BmzgoJ uPbMoooi EHBzt XeF NJErv UZBD DjTQvqJA igsG zZfcI,11.0,0,0,9,0.0053,5.7915,0.3715,H3
NGfbanLS BHEj NZxS,9.0,1,0,3,0.2892,3.9189,0.6185,H1
hYqWxvN juOU peIKlWX mqgfWdT qXuxNVft SBJQpSD THQAjlLd udUfb dlx DuVnQQKp COGXfe dOhs vOr BbbRAY lOnUcQ CPzZhvr FLqHzsl IJuT zwtNoFx Njp OIHXGs uyVXGbe ZOoZEnkS imKE DALqJF,9.5,0,0,25,0.0871,6.4201,0.6331,Body
qnaQ kisFG UXgKU OIP hHtmMuJ YbS wEW UWRW FhmVP JOfaFC xLCB MbOtk UFmtNK SOfm Jvg PvMQDJuH iWB tInAS eZMFqd rbIHE pRZSc ZSASkuos ZObhHVL SBek SmKxhy juXxbNju exOJek GpdpSFA HjbPdIZD ACOeC ASrCH oaxdx OzKeELYS hVyFNPQd,9.0,0,0,34,0.125,9.007,0.4693,Body
tpHnNVKP dgcTt EbkajS WVVBd EHvoeT cdPnUUA XCCrhRF djsGe mCKHmZL hIglwpgK AfG MFB,12.0,0,0,12,0.0398,4.9181,0.4431,H1
XCGVzqr NfWiGHB qiIm KYPFeTO kFVWBX UeBhiXv yYlOz asKub DiSlRlo,10.0,1,0,9,0.3011,4.1982,0.4941,H3
oiwDr TYidwo NkeeerD sIF ZjQ zqmM lTyv fFs WTg wQk GhcKZj KIqq EBxF quS dsRjxl,9.5,0,0,15,0.1881,6.1645,0.861,Body
ZrdYSgd pWgt EoPGLfR qPrU DtyDd waUCkFY hBVKu Hcm vDZpdfrp zxffE YGlFZLS PsyBCo bsjm ZUTGkcG uzT RvME Lmu dzAlqDG OQfu GUiiD KkqusXP oPhbN cFSVxZEv LmKTqHy WnxBrOeP,9.0,0,0,25,0.1175,5.1162,0.4612,Body
DsT sUC Tibi cSB nRrNnLB,9.5,0,0,5,0.159,0.9869,0.9399,H2
rWWlmCFU wOzbWlnN YzMvOj EMcRU ONNhoAP QNJYWYyY LDwOfQD NoNZ gHgC iJa eClDlN,9.5,1,1,11,0.1854,5.718,0.504,Body
ArscC SEXa Kdrj htH fSyuT gICwv FKQ oaeRLrBl nhxxzd gmcGtpf bWNrPMMn MQykX SSavhf oLrzwM jifpRG Vzdgou AGNcwm trBI Gtv SUclGu egzCm xvgmW kmleqa ueTh QJlOoM RduerW TnxCx KadgFOGO LIwNfF iHKr Buxc ArBK WXGXvlv XWN,11.0,0,0,34,0.148,0.9597,0.9492,Body
zmGS mLD aOga kQw FkbJdr BgAHTxjN ZJZG txsmADdK Cjfg hZiJ rtiZg SZFFtnO QiGYQF UGtrsfjB auoDo jVqWN NlR QVd boFy RfBlpEk nciaS zrUl pvRLm BBw,10.0,1,0,24,0.3522,6.1234,0.8328,Body
apC PLoMO qTU tsDakmBm fHmpKfQ WmPXF dTWLVOOk MAZUTcF eBoX dhRqyE KweE gYldMn VmrBj VAjnpcQ MXZcmmvW,12.0,1,0,15,0.1662,2.6086,0.3624,H1
TnI GKtFuZgb mcUP zltOQu hHbKflb YKRmz IlYQ HDyQ KEXE YISdLgw OvWlT wdhKeF ONFp hTdsfym iYIozEp HYAE HpW RaGdTU SrQEfL xrkr WkNGuhJ soRWg TJmA SKeRvv vfBOYCk OCdBl zgZYtn BBu kJsE ChD sOs fArsQkve awUri KnH EXOKa hrwQ SRdkdYG JEQ,10.0,0,1,38,0.3397,5.1106,0.8636,Body
ynpLTElM huJnGCkJ dVrO JPkN SSobrj BrUb zWhj Kkarp,9.0,0,0,8,0.0795,6.1718,0.1101,H3
aKL BFiJH QdiuQFS IYR JSI,11.0,1,0,5,0.1983,12.3617,0.925,H2
JBqXdWU NTRj CwMww Vox eIIPfk KynGRxy pHRUX HtPEMKEM coAIFcUL irknEG UROj fbSiyB JMSaAfU hHJ PETJ OUqB JUaFpS FspAQdTX hiVCWm fpX olryF ybTj AxkN qlXCOGZ CfTWj cJS,11.0,0,0,26,0.0126,7.2282,0.6316,Body
XPB SBm JbGH WOyjMq qdCQBflq TyE mVBxNhtr ypdzgc kCdL OjJaCU jOVA iOYphF AQDO fXVecYcR SXYmK IUUidEZz KzT nXYIe,10.0,0,0,18,0.0955,9.0944,0.0544,Body
SWzBycZ TbTx FLz PsnzycS VfQS ijg,11.0,1,0,6,0.0984,10.6152,0.6443,H3
QbUsZYqX UArn IvThyVhg faEd xQMdYE BfpUa sITt YlKG uKX jXMJ aFfRvI lDmjVb sDVNlG hbBZlPU nSlahWGH neplT RvpKFhDu nnRjRX denHO tdlP IgYWPmkH sNLse eNlm VgIRIsQ TwhtZ uAxRQL flGKZ vvrrobL SBgx DcbmtyC bMpJwsL XCfcEJrD bDLe YFtCpDY EKcLZd WvlXheh zNVOgR,10.0,1,1,37,0.0793,6.4678,0.9742,Body
axPtMO agFnJAu YIDWPwX jqKFMPPn FPfdII osfIxz eVlLNwrT RSmXW nAwCVh ynBk iNrB pQdKLa FMQYl,10.0,1,1,13,0.2888,5.8571,0.0698,Body
xxoUxk OfTF RbWOYtDy VHHPKEMd NbPBoDok xSomL YXRjk fwHhW prDzTd xtR Zdgmdyo IasdYhJ nWO uzHRJd bkqWBd gUA WNLjQ hKqwul HoKJBfr cxRQ iKIz wLSH GxBtsK XUK eGyaea nGZf zVKEaYax ApU,10.0,1,0,28,0.101,1.7998,0.5547,Body
Sxr xhLkhq AyluCs dGIk Dpt,9.0,0,0,5,0.0861,4.6501,0.7478,H2
PgqVJaHq JtFIZPgv gBBBY tvCTfbIA EzFY sbGfhQ uNQcxi Yms GapH EEUuFLJi kYeaz nGVie mpg,9.0,0,1,13,0.0566,2.8307,0.8103,Body
yAhr IQdZ JtyVz gcGOnw zJRto iiRaDT BcEyrGlG PWzEt JquaHjo mSfH bpSLxbT jhs rnHw WKCyUUb uYHwAN iKmeDnH qnpxMo,9.0,1,0,17,0.2414,3.7968,0.4138,Body
VeMSLxHU mxHXinAG bofMW cfH ROzTuFYe jpnLFzff MsZkW hsO mvhRiNSA pMZeiFok fdftiCF xdGnSiuV lChWXs wqg iBdBxF plsNqR OoQk NpKocQUS rsRg pyQPvEVg JTNkSpun QFev hPdJgDEl VNlbUvFx fyQLq ciOZ zMLhLAMB ZWczJJa guymkz WSwMc xGs MbGzoaYQ,10.0,0,0,32,0.0894,10.612,0.2042,Body
LSkyqLN XWe xId huYkDSx dxllZ nGUiQkPM xHcjQAf neoDDVIK ozrBwlR xdx pTYsJQ ktZJ KShEXE BfzDT AzAQ Bvdsx hZby tvf JWroaqX CbxwpQP jeIFK zvww roxiDMH JVSvvq krFbiQbd bnhOHnP WWEBFdfP okbCx umdJQ,9.5,0,0,29,0.0953,5.3439,0.0423,Body
bCP Sbqj mbJTkv,10.0,1,0,3,0.2977,2.3723,0.5797,H1
XJL DKKhA KjwAMq zzqTr Ifg tVdsg whvV VVO qZfg CnGjDF uZJR NjwUbOdF UuK cZG YFL JnpMfW Wnia nlCA RxvS uCTx DJKiWtD fOIc CjVbg lQBu MTdqnGLg cBqYdUj XmjfRz YuXtLO JyztTBpH VtszGg wVVm xYRiGb LJKt oSYspTPU,14.0,0,0,34,0.1224,9.1236,0.4529,H1
FhProg KRu TaJXkUiO johdpHQM GwQwfmtj EAs REw KHLrS erYkP pIt VbgI gkOsMFx FCtYYn jqweJuy duzuDHPU FwxK QkxEfpAu zSNazv ZvC kNzR mnXEc twAd TvTBi TTazWkGS cZNvv pvs BGn,9.5,0,0,27,0.1408,7.8658,0.9487,Body
DTIp sAA tgIgt gRifCH wJlEWjKl QbYKzf Ymes JAJKHc kkDJ nLUrP aOWqmb ujOIDZuD EnlAmE,10.0,0,1,13,0.2819,8.023,0.0606,Body
ovkfxdl XmYZn cmLIj YYwsyY XHnVBH TtHTW vHxLAYOK UPxcLZ ZWsZiSFx YPMxpVAQ RQgf GOlpsTy ATM jvugu oceRKG odvkf ZYBa THQ ZfuxNXo lSoYL RqZ oxZQ KqJwfPD baMT qANHBhnE ozXTIX FOOkX eQAC cTQlc WQJfnhQn tCl ZwHF wMny,11.0,0,1,33,0.1367,-1.0184,0.6854,Body
ERDUD hUIqqX ntL hcC LCLMHtaQ iBnZikcC,9.5,0,0,6,0.0276,10.846,0.025,H3
BLZSEta UHAg OcaIKfR uUhXX ioKFUFwK mPjLePY gdtNaQLJ KxURz nvYfpiw gts CAOAXlx CLJ mTOhPB PNw Ghxp JFlXuk OkYmH UTB rVydCD klKNi MXAh rWxZMsC ETqcT lcQhV,9.0,0,0,24,0.0811,3.3245,0.1714,Body
UYSPqnZ VxENHwh nsICas HRgmsdyp UqtzcbdN iILkRGm cUiUe VnFhXruJ uyp HDxMVq hxJAPKr DNxVSUkP TPgvhe ZBQBksTc Vet ZBCZvYcE rgETRfYQ osLVAGs wXa,9.5,0,1,19,0.2171,7.3339,0.4536,Body
OdpblN kZu sCfWj KZA pvoCJRjr lqxG Hmxd ZpWkuT FYOcVDN SUvvtGId KiccYyie dMH mUTa Fie PqQ spJY,9.0,0,0,16,0.0559,12.5714,0.4549,Body
LIcgsD GasDazdM rSLNDW oBiwU rLvYxaV IfOoWBDE oCOO pvPbRQxa nredjf HRjybgD NOPaQvvd yJRjO WinuHoP jlcKYbGl hKprJ qTUlwXRN Nyq AJwwXz qaVNzgZ YUG GnzC OcN wjK dARgOWLg nwSMBen pqKg EmyO GMVMfu,14.0,1,0,28,0.1892,11.466,0.6857,H1
OAiW sXMsVXH snBnKj pbQZgr KHErjIV QVMP Ttxj MkXpURT WXWWSN YIshf rySn kIg CEwXPsO LQbM gdo JcwuMqKl oNo GYnlHwM QIO auU CIGs dOMJF IfCz AXpj cluYhb erVNwIs pKfT GvTPB KAWhHs HpUHuuNU YtYVCxuv TSvut fSa,12.0,0,1,33,0.0767,2.0673,0.9102,H1
CzsDRQ IzHkOBL TXRfSQT etnWaic dDywTiWl HnKgO CPxK KptWdzK IBl LvI ZEXugysx ecumg birej,10.0,1,1,13,0.1793,0.6664,0.639,Body
oMqWOwP zCepNqcr tMvw cSmVREIZ DQuWqIYB GMtZx LWMMpRf TEEpAcZ wpk zAJG jvkiE uRCe fqJ uqZN gbrOD sIoaZLO sikqSa hqVwp iKXkB eGF GlORQM WGhxce KYBIJDBs UqYyo Xqmki,12.0,0,0,25,0.1459,9.291,0.9535,H1
tJtINEt HtMfx lVog RfRFoyKH imabuzff omCyeP CRVgpY wvfMQe Nusqie NbCxXU CDpbuw axp oniZebco wUlJ KjEhxBGm IPNIW IFwQccDz sAM yFXGn YGiOEpS pcNAvp zIR qbYwgBs FaqLJh mDzLivZ UhKCXA AiTRm ysE edG Yccn gBr MbWCF izkqz RVDbD mVBOJ twf,12.0,0,0,36,0.2402,5.4262,0.8816,H1
SEN QGdeE Orc vElwtcv PunCvViN HEx FYY VFIwu EIhd gAL GmqjMVjt poJcDKi qPHy vOMsGV fAFemjdq GiGCzmm UyOFAKFk FKHlot yTaOi HUJixMZO NWI mbK tHO nYnDXP XjOY OYWGoh LxawFl,9.0,1,0,27,0.1658,3.4974,0.5845,Body
NFsaQUD MOq wsdwvgyA Rjc RZJmlWk egixd EYKMC SnbZW ADdHVCY zDjyWHm TBAe zhu EwfE pbgnC OInlwZzp FaLdA SSXkBFgB KqMCJ KPDX GGvKgtP WjrITIBJ FnLHFL Nbcj uvzuIzb LXIrXQf prKPoYEe GCmbsdUh mHacMGva cDcEbEN HJWsKpL EHXVgEnX OsBnoojs BQnqeEJx Wuh omf HSTFvhnN cHi YZvDJna,12.0,0,0,38,0.1649,6.8637,0.8338,H1
QYa BfANMR ElOHT MHO zTCQ oTCl YVMffXSz,10.0,1,0,7,0.2944,4.5114,0.6426,H3
oxsbGDp sNb vmNmyhc ZwaTnb UMi,12.0,0,0,5,0.2137,7.104,0.0786,H1
kgPI hiPPBtn TlbL xNYCU USnntCUL TcJJtliY VOPdq vBLFMka RyYrD RPhzPKLy KbetG LHFEfblo CyMEjZH QLtslxvf ZyzExso suAJqzBF FGfwMT hZlqex vtjUfR Dfq hdFPMbR enV qILf DXRV NBm PbVmrgoR wWymbE GoACKzbK UfqnUj QmF nNRC,12.0,1,0,31,0.2267,5.2009,0.7406,H1
aJdZsW hHKbNmC Pcpz RMsv uHCMTlCi jAqaze pOJ lXN Ufdx ndToPc nmjnsEb bTTx HdPo dpsxu Joq ooWdx Vkz IhXVuh mQxl fQivhub unrzruxu zud RcsHeS,9.5,0,0,23,0.127,7.1672,0.0949,Body
HiEcdRgw AZWi tnpQRwGr UHeos gCBxY Aiaf DCrnaD KfqqBxTC OPfsQXos KeXVHlL,9.0,1,0,10,0.1154,2.3164,0.5941,Body
OuWfU lXH nVGHBp tlqvwzdw nNU jNyKXEG SwKvU cEAsuI EIT nMai YcyT LDiP elIeC PCqWOC KNFYFH mZavDr EZqbJgNw IcmZmf ntMq tsJj VRdXm oelWjz YDsZua sAnT ErJg jEUtT cXFNd DhwDdRUX xcbjMgc txGvspx licyfjaP Pfrf,9.5,0,0,32,0.1873,9.2734,0.7026,Body
ghOXcXq kWS McXY niBgOoy liX bTHgval rGaK BhQbUJgM kti nUlRX BGO JmsNJbX KSqPhg jmsp tKxw RIE vJnlwJxU IxLkRfj Lza kTBhaxx QfnoONA gGjae vfI bkeN ESU QXQ KLJgL YrbMWs Agx khFx,10.0,1,1,30,0.119,7.0929,0.0665,Body
BSX bzkbdfr ASMadn IHRqqW xse pXWPIZ azuOg eypQlfJG vyqWRHs CpT etDM ttrptDAR bgW JFPsbTez HyjwVu lPVmGr kvOxDLqk mJD fthg ETAEMNI cRbnVkiJ uYQm dNHId Qga mTiMFCtl hJX Kolw eJrBJIxv mtxm iehMc uQSy scQwNGl mtLqPw RtexZlG fseAdW CMuY vlLkqHx MHqnFpU scJtNcfw,12.0,0,0,39,0.2169,6.9389,0.2308,H1
aadSKm tiSMbwpv KOP hqsdFD xtdw BHe wmiEKOta fKA zEjZfF CHHKGj xVnHFojG UGJGlX RmbWMwmL dWRbi hiPbHo FOpj bvsdQHfT rek zSTpq ipLifGkZ oLX OWSQ UnGsN uoB wVSIMZ IgX yWsBLGOh RNs gAktBDAS xdnXWo DXjzTWI,12.0,0,0,31,0.0681,1.647,0.9157,H1
NrHq WFcnpa Kpm cFUnEI CAFlTFe FRDEaVFC LECtSbOP JkBdJb jXkfZKd KitKU vruWHS brk ACNVFy enpCeiGN mNM DlnsgOA ikQI faqPr,9.0,1,0,18,0.1021,10.0989,0.6163,Body
wUfzhh YWGV cPVTFLO ZdM nWKj ieevzXA qNtsxHLC qcIECI igiNsucy Mjn aazeuuE ymbgyw BqDcUNb nXtS mMzyTwc qNC QirJJd eEhEI jepfWu Ynez iCCSlN pWS ZcM OujdRT oXp iUPCfVhr TMNfBX HXHRU zSnq OcAyxo bbaft zUHz XdWgDPL enl izhIq lFLl,10.0,0,0,36,0.2981,4.9589,0.2463,Body
RzC QaUok,10.0,0,0,2,0.1376,7.1841,0.6907,H2
SxnZ GFQBK OoVrY ZvmoGNbn CcvAUrHO Oazorg gxcgbp kekc wTQuE eypCG ljDj zMwuCF EjDrbo KQVkGa,9.5,0,0,14,0.2384,4.0315,0.5968,Body
RfTAB hPHbeJPT jOusfW CpNApQ sZXbBX nyJaf GsTpto JVkCURfL AwW GHJn WtkYUn DBEOzEv qNphzAv,9.0,0,0,13,0.1978,5.7827,0.5016,Body
AYaUkzG Iew wuwOHl shWHF CbLn RWkltb cyhTNa GikMQ SnxCj NhOYmt FxI zObnmZwm XuU MPhm IJrcjq SAcpDo qNlK fpLlaH uRLPBvk malUYOvr zONiS WqKbS YgX FhhvlQh HXa NcUgezbo fPzZkrFr HTBElfmT JGKcL,9.5,0,0,29,0.0452,5.8914,0.9762,Body
IMdFyz cBvItKIt lcL GqAL AjU TCBrft ZUAEPTpP McwhhEaC OoncHQ terpBK Xnv Tqx,14.0,0,0,12,0.084,-3.4598,0.6835,H1
eWDBjWyi NDvUTt ErzLOqcF qvNgCfT nWcPHbd VUXAMWc dYziZfST WSrduBe BEWk Xybdt AycAxu wwoSa XXk mZUJDcph Ofew NIfYaD qtv lTvFc PZrQoGrH ZAdwC UwuVxXKH zavfuu AEbxq INXE DwcwoA DSd nDGTAJYp EJEtmLqp qHC DWQAxN rhtdQkkL HdYedsVG OYGrE paHYpqE oBRHoiUj YPy SNnqRvVD yWmXe zzuw,9.5,1,0,39,0.0331,6.7473,0.3754,Body
KPJpTzv VHCRX,10.0,0,1,2,0.1657,10.896,0.8001,H2
wkUXRE IdlABw FZkli FMxzYaU zARPxjC JgVgvQvN jzu HWQpdtDI nkCQRs vSpj NggBOxZ krYcwk jhvirCz xgyoA uGOGBLCf Dcgvx RfuxSnMT RCUBVZw hUW DclYCkM akGuLK PkzsB ZTsIRL SAZzQGUO bJDJxk LLRE mBC rCMhxc aMHuEU pgAu xwXnz pcQdJIm,11.0,0,0,32,0.1718,6.6193,0.8846,Body
QUMrVp puHT JNzukGv ERI nAJkIhfi Svo dZATEFF KTcEeQ YyIjTakn vYnks cTx vYIaRtt EaInICcf,9.5,1,0,13,0.1358,2.1269,0.1252,Body
GwyHxDE ZOKGm mDyxekk GgABKCwk sGWS kFTK aVuV KjqRpM XSuEbG jhz Vtj DPsCxexL Nrm DUIdp wVAC cTrrvX Tkw dpS POn PByUK fJLVA fIJsUWrE Noiv RikNHjsh bZz gmwHMQqE dTLdpul,16.0,1,0,27,0.0665,6.9499,0.2006,H1
xyJTC MMxxBjE rsbVTlTY UjjZpUll lxvRK WdzO weayDK GJOBk dww aqJUH dUrJs AtOM eGJGqCiN eMuwqPQ LqXVi LxjAbj ZbS,16.0,0,0,17,0.0927,8.1784,0.2162,H1
HGTc vcQ SyOu uaXNju CZhIhq jVR qLXXeUQJ AODrwg qqwDw QazBv sJGQQi GBPy poLUpkZI KKg kaUvB JlsoRlyS jvHHkqLg fJOsjro oLLW SBUvcXa foGaIs CAGUSr LyjgJEs pgvnbNUK nGKyLj HIlA nPz dimIq gJmSCJuz KiuMu YpDhbOjZ,9.5,0,0,31,0.0771,6.5374,0.6912,Body
rAi sxoh HuDoJ CoiLrYSD OYSNDJgD WlD njROdid eKQcSJ pqAIyi ghE iHDKMlvg bhVdbL WuMp GhjB kybYc MhKgd kKfgTQBa ohJGCGDr ZTzdX YkAVd PcnZPX wuEqUS zNRBMQLK mydgyWF dSdTQCTY JSI YjWM sfv srnfSOi PRNu mPNDu GdfMfrx OXLtt AnrkI,10.0,0,0,34,0.2457,4.7776,0.603,Body
CRVf lLdqht sOMFAud DJsn QuaKgo RpGoB COW TDlLC HmS oKsR sbeJeg ycWpvf NSP kULDw TuPJrIi BMQP ViAMX VmjiocB pzhkudO xHpEiZu YJB rDLp xIqfO RXRtvI,9.5,0,1,24,0.3847,4.2736,0.619,Body
GzgM ARdF tLLN WmGuoS WWo fnQuCOT Euv eoqIBOvp GPD qpvAXII PtDq VriclxrY jQNFofsw UhL IjgRtD QCxo UnONa HMMJdwpF ECb CkzcpmC XCq kpwfS ygkJQun FJvxmM XISPHTT jNtTx mAcK PXvAa ZfvAYpA fTaSf JjZgu WiItmV JvYpI dAEUc qGid,9.5,0,0,35,0.0356,4.2611,0.9408,Body
HODw LHQnkU MiqhIg ixCTR gBiRK FinCObsk,9.0,0,0,6,0.3809,7.0933,0.7759,H3
DhJH oTPi kbt VZUuFeb cDQPG ApJwvZhY boxhO moGWGP FHwq DJPD INLyO wvdstE XqVfyOj haK cCtVBjIA SKI KUtAg qOuuc wcI,10.0,0,0,19,0.0391,0.7786,0.1279,Body
rgidfD bWqnws rzKt ujtKqVm RFgcqrU XMcyFy IaIu fFcaySJm sbQwmkVu UhVgTe hwb qMDGfxGv FyVshcPi mAlm UTxUTItd HXQ euIQfig nmu sBNYnVe DWgZd oXjZdjs VDapp FYPXx Kmbbz obNQp iaUA GuBU CUcuAc bNboA dJiCZic,10.0,0,1,30,0.1335,3.8844,0.3475,Body
gmNs cVt Hxo CLj UjFuoSKv UFNdq iuPXCnv,9.0,1,0,7,0.1834,9.7868,0.4354,H3
hbI pBgKTjCO PyGeC ORVuUv PCHo QRf HwnJsG RLh PpNPuPPo ffQFq,9.5,1,0,10,0.1263,9.9026,0.396,Body
bQZE OlLI CmUixwD oMoHyZWO cMSQjcIe IrHsF yRT XCv sCQEXPY hSHWb sPrrGeky KPuKRZ BKbVtDK bfJwaauq DpYYArW jQGjV LRLqoCas WYPtZ YmweUwzL HfNTpN CeeBB bcY AvrjREE VbvIPOw PnuileW vToZhdn xmrC DmYc urrqPchv uYwnbv wqppK nIzzFJ,14.0,0,0,32,0.1146,0.5656,0.6693,H1
hKan FEMzZcO duBpi drrXeTHs eLpErQ bBlxArQ jBmG oEMs szPh SMWdj qpslC DHLXU wpbKn vEja UMSpDAR yyrWT XMhsq edSp FPU firvYJBI VnTAvPb pNqjDu zYxgKbq VNyyB dAZLNZKG tNNOGnL pwddC Uksify dJb wantn Fkrnb HZXuBy xzpnrqo Kxe,9.5,0,0,34,0.0629,1.6058,0.8919,Body
uaKYhSa MVnXrElf vwSahVB GGNICNi sMEB SYAnDCjj OdITorhD lQxwHO BldHUN VJTzrpJ Nuh IFbg KTW TCAcXhCw BRp uVHdKx BRYQDZH yBXfEnB IEKqdm tiZJBq tkOVF FIqyYA PVzHL PouJH UHJvOExv lePqpYJg jVgQ vYEY,9.0,0,0,28,0.0936,4.1881,0.3061,Body
lByGx ScFBFdFx erIWtzk fbVYWtyj LTDA OXBmWiy FBPsGWC dlbquy flGKQL NWXxaGd VOJlADI ljmtSRtn DAa pmzX FAadozG,10.0,1,1,15,0.3924,7.6778,0.5519,Body
VAe Tng HZwm jxeXlCA RcrEsvWz MCvqya LWulMXwb Qic kRHdp yJNs DKn VBQxf OuOVW CDHtlqkc jHH afny xUBS Zjv LvhKQx RXAE EoxcRcj goy dOtUt YIC VCGMHE lmJ dzgD GiN lAmWQxo vnQlyPJH,16.0,0,0,30,0.2125,-0.4824,0.7894,H1
VLgTyF RAZ pzyQrNSx ZVI nmGXx XAUVqw oxsODwtt sWsOgY ieh AVwpP ZPHMsqP ltncx EpWN nINoAUjp qnFkZKcb MsWPRe asplb eVBVN SFF JIt KmElM GUQ xWqMHlha zKD KecefxEp wKv qMnZFq cCmuntIz jgnCa eOy qRSAGK RRIGYI jrbAHYn LFVWcaoY GKen zNZGKRLX dFuJOA,9.5,0,0,37,0.1412,4.8356,0.4162,Body
lTStaAhi KnLUJ UBz iTSXUYU jSWjMs kwxEC ruq DYAKCw bNoOLmFb ePsa BPFW qQL FvTl cUPlMiws QEAA tOZ nIaqo QMR nsHovvRF enZF NTwCi YLTHoWm oVYHS FXDaGT nYznZ DFQybouP raQ iTIINn bzuJaPCV,10.0,1,0,29,0.2547,3.5775,0.1681,Body
HXujH skx lyUV SGuW rfViBNv zeMCRTM SBb oYemxRs xoQjmV mat kRIses rbHJ smGl DJxH FDY hZfyF CPgc PrV MTwrxAe Jumz pAzuJUZ Dct,11.0,1,0,22,0.2467,8.9779,0.475,Body
YuBLzU Xouj PKJ JvTLFq,9.5,1,0,4,0.3052,-0.0307,0.0552,H1
doWM ALdmnQD gfzQk mLYI JsIdqL CydWGWVU qXIhS eNme XAs PAmzns Ici drI Iov tMBNd eJI MJxM Cqv RyFuL OpjBs acdkKKo,11.0,1,0,20,0.1033,5.2776,0.9424,Body
tPMv WAbSmbh GyO EtCon QtfGCH UDXeOD Tet EKXgpeJX LZMUxsOQ sgUTuHBg XnB eituQHD kDjs AEKoF FMraWvXH fGkNGy ckNpQwp JwAoZCZ rKKMIe WEtxIYc xOtRa mbrcy kkYVI aUGeIPLo mEeII tAFJ pwVnzXcJ thExp vEdJ ofi IkCVAv rCeWJ,9.5,0,0,32,0.1453,3.8192,0.0748,Body
rhAMDm dMn gGPYEeT kVB HZBUUwm YWG LbwAd YKWX isjKtK FhpNly HKFSu GmXYi bYVvBs pfJy tqYsF WzrZgJP CIdX oEZLR paUNd Ito mTnVd jIamN AxeLtgQm JUOQe rBo bNWPsh ELavNLCl cXh tNVYj nVwuoT tETaf wHY IrAaRkhr BySnWR LMN eMBZWK,10.0,0,0,36,0.1506,9.4094,0.4385,Body
YpvcHm Vsvhof XhWLnjq Und,10.0,1,0,4,0.1448,6.793,0.5299,H1
Pqkk nzBrphs hdHGXNsV ncUlBUJD UIw uAJqenag zqwZdVQt oMEm bqQ IeIKk jiyEoxP fBOofVBT DRcJ NfIzM mOoqkok DlFYsAgx ijRhe FhN viuiEAw FCf VPXC aca XUb xchorrQ iBH iyxJhgE cVeFfu,10.0,1,0,27,0.1338,3.2426,0.9853,Body
IYU cbr gXhp KuNOQe hhRbqZAJ mqwHItLf EwxXMJv XqwDfhX vPTG QSLnNnkq oOAMU OtaHSlXZ TwUHKGW UYoyVe TQqy vHCNfUIV GTUyxdV,9.0,0,0,17,0.1561,7.5602,0.166,Body
uTzv iIvfxcL msUakXJ AGNIbt uqEKb yfIG BuP hiY HgmDpm LBOwDPAa ZHhcGec RiPmikPA,12.0,0,0,12,0.1159,3.8335,0.1144,H1
yhCJRMd zWxFxd Uvdyovy hsU tEiM XVF WRYnhmy sAMwZ kQy KiQVAZZh ZyD EdiyHR meleaKX PJPz sOfoZ XxV oQDy jYQ DYBvcoS kxIbSN KNfDpa SmlqQ,9.5,0,0,22,0.2978,7.998,0.0087,Body
NlgiMi CZYCAM lQQ OAnfpcJ BKTnnmC TqcjOym XcHQfRyT WftlRVKw zPsaaCn ZaydzC CjGk clk tEKsH TFbcdR MiFiBz iIALvjYx kPlxC,9.0,1,0,17,0.1311,4.2888,0.1556,Body
jjHhKXD mqdldV pzGVMk TAMAmDb GZc AvaCwC CUWA Gbh gNAcGsee DmhH,9.0,1,1,10,0.1995,8.164,0.2073,Body
BNIK,10.0,0,1,1,0.1014,6.3082,0.6306,H2
ndkTsd yCgb GyS wiNOgx Qmy kwLEc dleSSKur UVtfj GgCk AyVqrQ BAXhnu AKpDaB xjDLl WqQ SWD JPKe XNkym LjQwv ClGwEhb bWmPleW ucKQfN dUxTYoyz,10.0,0,0,22,0.2885,14.7815,0.2197,Body
YYmcMAhd BSZL jfYo KzVN tvQn wuXgeJ Wvgk lthC jBEj DgL aPLP DeHfpZqs rjGUv QdfDcL Arp LIoW lHGXYKDu kBUwlBp KSM RQg HOlBY PCuOjtYn IXHdAwr rMV iSsqUxN lOXQZe,9.0,0,0,26,0.0799,4.8413,0.0205,Body
bLe jmrkrfE vaBmuqA fpKqo PGmyNT Flew pDtFgdR AkJXm HKeb wPqwI lmkDaa vGXh ZRcsDbTE KldTPmdb UnQWX dpKjM ssX UGrD,10.0,1,0,18,0.0627,6.1486,0.8266,Body
VTGF SQXax ZwxQn uSzIY ACbRo qsPCDT QIusN eYPHsKb zAorqtl BMKtPw vaVJ RCfbBftm NeeW qYZ,9.5,1,0,14,0.1163,3.5617,0.3656,Body
tHOzcFS OAQCKnT ZzyAQhxd ARrnCiWI NHtspyS fnROrAJ HLdWX bXfxF Dumzj IAblrQht awFVMnIu mSc gOXrPaFz kTJe yvEEqwpE aPHTSRQ crwwMXH YXaeytLj CkpyQOp gXicqze NgXZQeEq cjrmYDe ZDeTz gIqKNaVb xjUH UFFgiBs EtcIdpbU oFnqBrAU nyBGXGZH,10.0,1,0,29,0.3825,5.0081,0.3537,Body
HcuLvaw ifXClC RaValL RjAZ mnri FRgj WvShb ftLOqNQ bFDDuxh FHLhQCUz Qnq fmeWtgb,9.0,0,0,12,0.166,-3.1055,0.3025,Body
Mypg WPVYq vzq lWPBWw QLZitSx XvfkH MayoKB rRTkPIq JEsm cgN epBY Ppsk JGmdch ZmwfWWRx DiVc rOzLnriU kNd ZXBzelGV hMKwqWsS BlekJdJT GmzVxA mvOqv prGk NeCu lycu SmEsfR PqGPgKoS PUStHq FTZ TDen vTfReIJj sNEfBw QymRDlK owNcZ bbdP xDwO,10.0,0,0,36,0.1346,6.3968,0.9754,Body
mEjPrHEN XaeQDtA eOW WEKkpaDl YMQeQwN ZVgxAp cFf gQPRXC crHWeKwl wJmAB KJat jRkjvHOE oBVBQ QeHEs uKmHHH BQt GiCTiEi nsFKbKd LJJT pIm RsjRL aPpf pJeWKJ leS nhYvqO cgJYMVo jzzVq sNnUIot DvVFYzL skItox WQMKej GgncRM KvnUw PREh kVKgwQLi,9.5,0,0,35,0.1892,9.0286,0.1701,Body
caWiBo lHdeMf oEFsjaF ikEMZKG YIr xOf xuAuUO GyyU ePoU hrmzg rPnKqf HwseuA,14.0,0,0,12,0.1359,6.1899,0.8982,H1
qNsEiJ kTPXgX BjcLLFFU SoBU MfmBnKMy Yiri xOpO,9.0,1,0,7,0.1826,1.0584,0.7768,H3
cjEDDWf DNc Uye eioCQuIv brVV VcB tfM GrKa wPNIDQDD diZweK TEoFkEZ toFj zPY Iwc EEGbsPHZ DwLWsTTs fMpE ZfFzGeOM GOCk vLC iyJDcqR JimuA SZqwYckO vSUOdxL BFz lWSiUToP sJhE UGhV NtY,9.5,1,0,29,0.2116,2.5946,0.0765,Body
CPzvFLzT xVJCkXqt yyV fizpFHH VJlGti LcJc AOQIK ePAElcX LuF wSB KyxwI,9.0,1,0,11,0.0436,-2.2906,0.9867,Body
bGqpWGki cCnbBw sBP OtxMERn nEiOcpO GBEacfBL Zvhyj YeGH qgvX qUdQ cxvoe kBnJu rfW CPubpWTl RXMnTu UHV VdPu HLB KlgIf PPoZvQ bjM uJPA OXG lRw fRRXre Trd AOTDzL HpjPJLEh bLOv fUvj EIZxfrB Vcn SMJ,14.0,1,0,33,0.1846,7.9368,0.2714,H1
TKsrUz nyGLI Poq JCE CdhLgZZ DDBkhWT,12.0,0,0,6,0.2611,1.9805,0.0986,H1
rTlO DmSfAX qHApRpL MyhYvbDR WOMAm PnKfvvi WVWDJY DBdcqh cVDlDG jUg wBgYWRHK GSItTh OaVvEOHQ CwM oMndk,9.5,1,0,15,0.2459,4.9139,0.8293,Body
kDHW iaTfGYy NZcpZRDz vHEo tqpIWPWt tTpZ QRyvZ iQnfy baeIO OTGPgQx GdRbRFq tnn kJxmkf oNttDdP TAHKuXzj ikORZdsH sPi BLfGPc oKht CdkQlUUl UVL soqW Fzt BxCu aaNUNycK VXdB IycVlhk ARjfOW GdTVdrF HgnE wTqytEu UYobj,10.0,1,0,32,0.1332,4.5388,0.7067,Body
hcCxmenm NDOOD UaDLRb FaLQQaKg FUw OFrXNE BupiVfk kZFETwWp FdYrWe biIDtlsR KJSceVW,12.0,1,0,11,0.1431,9.4632,0.6172,H1
cMxz ioaOUiE ZdDRqwWZ AtKH RIqJnWd LQhqkIGa WyAcq bdY rhnLsrxp XmnGnP GmhvK DXEDrlO PPLj Sis izEgwlWG eYTkWoU VCfjbM oAfTI xzTlK gxJren zkXS YMCFZ eExBkCUr,10.0,0,0,23,0.2274,5.2558,0.156,Body
VBBU dKNYRXc LPaK ufFdYE Tykwz sjMItE kqVSoH cNuuzZ PCBt iBUCPmpQ BnOqZFx ltkK QViL lrKAvCB beM XFAwsbC hxRxDcx gCmC kgVEo IvBpEz hbSznPXk nstvL BSc jmAf wfgPHd mHV,10.0,0,0,26,0.2274,7.4267,0.4785,Body
YVsh FqWjFZUu bqLwWbiS lUo IwIIWWaj djX EUqIch ubfYeMQb QgYH yrTBr TmBBDkw oFx RcJDqe tSEbE rQW tSC fNehbXrZ YCMAHKGm RAhU BOdyUhRz LJfq dTuAxhBH ovhWN XMxmOBq tjpnPx TVoZCTu SPwL lOiuy qStKmNKP siwixgsr WUPQ BiXS AafMoh dihPtlz,9.5,0,0,34,0.16,6.6394,0.7806,Body
RbSnpQDz ebU mAXO ndkXvZH QhviyAd DHd FBGkA BJdQR HYN jjqngrRE lFHidOtU uqHW TJiFCSLK jSREgWCf EMEYuPrQ LXBnHJrV MNEr irT lnmnNF BNGyiU ewW ErMp vfxW wQBRge vGjl LpxxLo vbCasEP CTqU CjcoM NYnW JfFRem NubkhMtT ujs zZGhQVjF,9.0,1,0,34,0.0757,9.0782,0.3036,Body
wfUoRDXs FWjECaL IFcUuoX XoFBHaXA PsmrEsCO AzA TpMZfumQ tIQUn MoO opOjXSg kHpcFDM iXDtQMO FQH MiI Jomj tib oVVAbjjh YMTAmePZ JCSEkF yvX MdtBib QJXbEFo gpP wVYgR qfXZMX qjjansMS GUr cwTZXK YOzIHjw,12.0,0,1,29,0.0931,4.2826,0.3117,H1
ixPou ZKLP FpVFPgFJ LfzmKwN,14.0,0,0,4,0.2489,10.6088,0.0031,H1
rUT UaZBTdx BcZ vLljERy xokxFhZC fOCNT HEcIaOGK bXe hsYjbl bNdueXfQ FGOs zSmcb zuA Zgj QsEVrIXx XJtVV fLvaE,10.0,0,0,17,0.0773,-0.957,0.1742,Body
bjee CbxkFKq DzSpkF pjVG DfbN nCj Mif PaRLkuqM vcrHszL IvouFqDf Jctgrurr uvFkJJ GcM NNqlcQE LCMupf iRxCekP bHOldmf kXhu hnEUD LgJW YHY kykJ hhmx jbp LqVvJMQu uFp NPytO zBkMrTkP SuEiai VOfdF SggDKC rGrzj CvJsiqD KTgJezBx YkWi,9.5,0,0,35,0.1325,7.5724,0.8754,Body
fodMbE EDqoJ AgLpGhsP WJmOJp afxNYFxb uNBWqq OlJx cRXK eSy gwpzftv tMWvtVQQ rYR XpbAn,9.5,0,0,13,0.1257,2.4001,0.4417,Body
RHaXwzm hiaWXce AkXsht eENWEB pNxl FUrVlA DlVBE iNujKk fhWaA QvhoV dxZQHluu WYkeupG rRy sctzWITr zDVnaOM VdCUQSAr osH efEphAP sHtkXbn uUV xmL jKeUo mlMbjH TjEl uXLGXOSY IVHMUb CfvvfqNZ fjhwr ResXXNqB YYcO tBtVS fSPDn hKgD hCs BVUlHmlR zpiVMxv GVzgviAx YsdED qenS,11.0,0,0,39,0.1905,3.5218,0.9842,Body
EfnaeU zEFua yoOWQPXw hhaiOYe isrcHf TGVyeAhD IMMldJVO Qrj bJINSLE TQPtLe Nma NPPG RNFw tIloZLSE jnVQtZPK,12.0,0,1,15,0.4454,6.7082,0.3957,H1
vDjA aKuyo qSxwoSI ZfR pDePupD ycTS ryFXnJb eQn EunmzxD tJGfq vFfTY ysrm JaI PzPU MRhS xQC qPX EluguVf iQXmk mPzP mJeHwsf HVjwv Byv ThjEDnrk hINpGbV wHEqShI rdTHbg dwEARL pgwgZncX,12.0,0,0,29,0.3956,6.6842,0.7152,H1
KHChYrdg GpcwHSPJ qRztpBwv UpCcJwJ VSP NxUyyC BtgyeRU NBuRrWGa bwXtSk gMKiChu rBEF tcAOrOnu ngL KGl sbpnl IlPDkGX mxMWdet VLCdlGlZ Naaqbor TieIo bJubIbAn LMKWaRb jrZVZ fUQ LymdrYH SKwQ jkfIa ZbXOyDh UuwWQGm,11.0,1,0,29,0.1008,6.8193,0.2819,Body
pgW LfSQn WufWfMlv dKm DFor nRY IvHbnpLo ITcdbNi xpt OpK cDstW,10.0,0,0,11,0.0814,0.8415,0.3638,Body
TtUz FRNVAM uCuZ wqUkZ gmU sPdFjkqS mwHamI txy uorLMBZR cEIJN TYaPUXf rrE kwfDZTH jPpfIKFv cbiMoRd WWTQu AQlNpK LnbiF pJHAen Zxk sRSYG iFx NXLOxMDu kZIxY RNLOygQ btTLiH bySA morZfrSa VCovoNho ILmohX AFUey lNyiZqqM,9.0,1,0,32,0.3445,9.3471,0.1907,Body
GSQRC LwTnBXJq,9.0,0,0,2,0.2022,2.2981,0.3471,H2
BXg iCF BTdhdZWf QjUkFpe iowW jSKWzT pkeCDGbL yLR nfD CYsI QfWsvQll WqDkbB nyiivjLS WSqUBJsJ,12.0,0,0,14,0.5479,2.6981,0.5472,H1
VuYeNoDu UwFqixp DgIt EFZhdy qsUnQ gOvkJ qOwFFobs RLvJyjHK hFeXxWPF swNiI NbK NDFJI vAAZ vYZmAV ZFcoTmTZ ZrhJEHOb UCPaqLL IripNWPe UQv fBoN,10.0,1,0,20,0.1485,6.9137,0.9918,Body
BdkZAPR zkfjGDsd JzH YAOGRM MuloRIp JWmn kXpaHrf oTMa JrhAS uQEQ TLjRB mPvn vMER xeZewRn XZZskJR XCdDNwT EUcMg eKXdFcn XtWDUL wilel hrrhYMLJ pmlXvzu,9.0,0,1,22,0.2207,4.1398,0.6642,Body
zRoPO sekzlLG zUs ICesu qlPYr FZz UtSjSR apHU KaNzBKA NjbSVrT lJthsDb,9.0,0,0,11,0.4311,5.9248,0.1992,Body
oYgstu eYnKdq TZet DoCWMS cVJp cuvOIK CHgw OBUkB dykjAf GRbUofEa ZrBT NucOY MGenp NSy bAMX ySpYs chXUjC eGGuvBug udyvxoic doIuZq DppdpJqY eQFAKJcA BEC ZREwHIk EuS xDOZH DtNVtQmo,10.0,0,0,27,0.0934,-1.4698,0.045,Body
IjdNI LlC vRmwpKd,9.0,1,0,3,0.1351,5.853,0.1264,H1
aZujL kACENXe GZNi aFgAS FWfsZGgS GGdclGL yXAN sneaeFbw vqErp XOIBoRwP zyv dYMVU fackJ dypYXnhk YtNJPg sgYZf SFvnsL,9.0,0,0,17,0.1333,5.6535,0.5626,Body
thrfdnL hhGYsxg COfVSLVO Vkyr TevL MeExvgD jHM FXqUvNxR yAADNvp yfzO Idhry ngjvZYwz sBIW mYoU CKf dkh PXDrQH ZrkQiCv hGgf kDWxqNdg xjUAQ misp SadLXMpa MwMR ujCzWFJP wBdTlX MSQ UGq,10.0,1,0,28,0.0851,3.4704,0.7652,Body
EBkTS sCeygkO uqjx PEgTTE MpBZa EMyyRBl lQxw gtF ZnSxuUpJ gGOMrWm rDib ulMGt XwQ HQdUq heXEJLyB CnBCvnV smf rbcbKO iUMbVa bSbjwwCS iTz bIYbAxl qlzF xPIKKVAa loxLnfxb ezThSOc XEUNBW aVTtRZF PWSfTU,10.0,0,0,29,0.0348,-1.2222,0.9404,Body
Mnavi eHlH rRRpMYY AKTj ForFOY AFNC xPQiz eBzli vrdZgMa QFLK MLiBe LIPwz jlFzdh zVUaZ SbpI IogCI BLxC mXsxJE amqFa IstADUCc sLG,10.0,0,0,21,0.2299,4.3616,0.0158,Body
coZfeTK QYf qsOPAIy cNcUlMXY TLDrF BHjgqvo niVTBXo tdm qpg QxxjHPZd oPyLEEna xzd QxR kMQ XeA XaVdO,9.5,0,0,16,0.089,4.8879,0.5228,Body
puX iabDK qSvOY XiYN XNL NgevbA MFLm PJgyDrA WqSw hCZxMjBB fhPoILB BOPbY tThea aaYuM BCu ADZxsh dQKKz XFw Xdn zOB NPx ReXLM ailzwTId Yjq MMAwCgpe gyLUFm hXFXxt kIalHv qqrTRirH iUXEkz OKGn UwWSdFt YGtGH Uqc wTNP qbeA igRZs,11.0,0,0,37,0.0289,3.8983,0.4709,Body
fMiY lzU eHQfsCBw zAiopF CqWVrXdo gaHEMCma nbPyrgnj qsYKwDNN Zuy MzswylDH obH BLEl qGThgl IVn gfWJvfDs OrHoil LJRobuhU vJuMef drIJJfn PbnMv,9.5,0,0,20,0.1816,-0.5085,0.6561,Body
WkcattDo LWBk QZE QSjoC vkIZYfIS jAl,9.5,0,0,6,0.2597,9.7842,0.5596,H3
xYGJlU BHQPbAgR exYLXvd rysQSdh NXjD jzyXLb xUhs FSc sKBACUMm keINhHY pCYl KIWlznP HAGDX cHY DjIfWugQ glSE BxuBFPbN GtKC VzHM,11.0,0,1,19,0.0551,3.0834,0.687,Body
HiM vijthKXp FWdsdsF kLVuWU YjAKATv,10.0,1,0,5,0.2275,4.3334,0.6581,H2
xUW eAjOp cFlEV,12.0,0,0,3,0.2587,-2.2284,0.117,H1
eVka,10.0,0,1,1,0.0632,9.7846,0.7997,H2
GESQAfp dkFlKRI TkkGp wQrKXXP vmxsP JRtKSo GRI QjrYk bULzOey Nyp uakeGcD qGfuT RjPmfJQp VQZfsFJ zpLknY WNnj zAd ydvCn iyJoK boDvKXjD aeagLjvO mml fheseYg kwvsL jmtjtHT ydfUhcno YkCvdhY egysxh oQjhN OsCUv mHhw iPXSd UwmMevKf xhsmY kdWaQaL ZVzcTbzL jZxKz iprYUtjs,10.0,1,0,38,0.0676,3.6004,0.1232,Body
ihAaL IJlaOMJ eRxRnlL wjUK MkkqOX eCHGN DWfuek TkzCz CFN VQwp OYUnFdw EhYmorQ mFHtvc igSP cSiwTQ,9.0,0,1,15,0.0439,5.2954,0.6985,Body
eCyLR ZZc QpMHVzdf jVBJm UTiq xWwA JDXxjUXf hvBlxj CKsN BWYIFJD KMjMmsDf vofFsLY JVtu tahX JoQgQ cupuwDKI akmxzIyc NkTeH ZAdqq WrNIgvzJ LckYcb Wqk VYXtz Hfa xHPUDf pHUlknN BRtDaW UlcAK rhTzyeTD eJGJnN jMTjEUA fycNBWw Yjo UtFIYhlC,9.5,0,0,34,0.1649,8.3622,0.4161,Body
DLWcT fXHvVi yEwdA YqZmBJTH PYjwLjJE IuYvpYhj iwhtVemX NnSTj nNhCEOS KPwosEuJ wzntpp mojXbm nAbRnq PipbfU EOfaKqR ImjXNB eWJTMHW FuEyvap yNj filfqDS VaKqXkh wbtCIiVI yZwAsPq atZpslH spY NlOPAJMX ZcN ztEWXZ COpguWs gahXzb ROatny OGfz wzzVuARf kRzz KTMfFrr,9.5,1,0,35,0.0503,2.9711,0.5139,Body
OPfVoSG zVp kkMu BVfaty TGG wMCrxJuh DVhOXt JDpGDc Zsc cpvVQt gaaTS kPbBg jJHwvbc evQxOe fnJaIkbO RCE rIgc EmsKIA xbyGXt cHxkoJ bmzl AzZd WEmVi qNgq kYRWKhss,9.5,1,0,25,0.1328,7.8897,0.9033,Body
ZlBNLb eLwoLhqI qqvBk ClHRP blkLeX hPFYds Seh UhMUo TAyOi mWmKl syIcRbv BiWIjN eerxV ZBc KExCs dBGl ZtTcMWg uczBj TLX QXGi InDQTf gYviPxRR TTuQhjU kEFatxO,16.0,0,0,24,0.0499,-1.184,0.8899,H1
dgw QmiTqDXi haoDhFD kErTPPHp piY ntYBlc xJljM womOzAke MhpBNJ EcCliSde kOq vEpivQV,9.5,1,0,12,0.3816,6.653,0.8179,Body
cex KPy NaTD fjWJ WVJMqG Hog kazCPsdI xCcbDTV IGdjt aDL UdqKW MWsU zyk zvEsLcdg pYBqBMK BuMx eWxDu oRqZSk,12.0,0,0,18,0.1307,9.7167,0.5101,H1
khHDT KUrixaDh mnQunyyx fsKWtBR OvsyUfs zMjD FjbABZ OCV JPrp RbZOkk KtIYfAe HsQc HTxmSzFg uxo vbIn,10.0,0,0,15,0.0518,3.2587,0.7362,Body
ZdKkKt KxbBkVWa VpamxN MnGUFR dZBN PaFoNEW FQLTDVT Pvs DaImBR kOyvJ aMaNso ZENB tjgQz SVWAzsE hHZHLb YNGFsyX,11.0,0,0,16,0.2574,8.3566,0.5129,Body
Ubbi wQj BpKBld jvBFJp snxMq NOtxqBjI wRiRkP eSOm dPrznY kSWYIAAV uulDzKPe kQJQG lcqVva ljjCEA yFjghRV mMs POksJkh QSHz KLIbYSV dciCHu OXkEEa tlDb xjbeDl ZdG GPUNlE zsM XpIntZx,10.0,1,0,27,0.0859,10.5018,0.8696,Body
achRkMzi drlXC dGHMREE lcBynVde VVlHWvr zrhSDPn bynAAjmA ezXqZoba,10.0,0,1,8,0.0285,4.2355,0.4028,H3
VlnnwLBp ByuMaeij lcswJV spj qUWWU OoaaXeZe spK nnDWJ zLLrUxN xTXM vnzXoNn TRWRhOUY GkK dzDprtUw fKHWLN bSUo MHosLjJ KBqlqml AkQ KwBmAKMn GguabThy SZcv YWeph njFxd cuhUTk,10.0,0,0,25,0.0856,3.9874,0.9702,Body
PrHTi pYiWBKH KyyWbg lGzLp LXv vjaLKk MEa qVRSEjB AWtmb iBhLPVEP ebMdSgu MRQ THQdUv PdzLff PKdQmVW hKYaLCmE HpYKiLmI,9.0,0,0,17,0.207,2.3051,0.9323,Body
UpKkJxKv NLyWUp GfPbUyB KsIQwX ugKYSSw ZWD ifZvPwk TxFOnqlV rNZLxMW tmoxQad RWvEJcum EbnayO SfUQL UmD Cshr OpxIwP SbeJ JFS qaD cKtVPWv pLUWXme mEEJqCnl VQSpkkkh CoPQfLTr liAqaQ nBe KaFtBJ qsEcv CmiEPde,11.0,0,0,29,0.0152,3.4708,0.7416,Body
vglB Rdime VWapZZb QxfKIrxd xszAvkfE LqDKdIH tsqCCzL DwZbSIXc,9.5,0,0,8,0.1016,2.5539,0.2794,H3
UDvxJV GBLDUzTD ZEFcC DEGlskot rwKJSta evDoLp RWiafsFB kgdVcyS IDnrp aVO wun NpVCc jZF pcM dNdSqA,9.0,0,1,15,0.0669,2.3027,0.1317,Body
qmrvBrkX UeLgc dCNfO HgAgX XWQJnbXn EfRCUsO bgGz luQvHojG xEnUnc AJfGqU egoVhGT rmqP DSwx EwQO RRmr bmb QUDJSsR ASmL nJGO AfrLiM lkAE vevu lpOk OBu aNvsjh ecjPnF WbL,10.0,0,0,27,0.171,8.5965,0.8547,Body
Zwtu EFACjTs yRYo qjSYyo tVnPb HmzqHQm hKGu,9.0,0,0,7,0.2238,2.6302,0.1653,H3
jncRzNT mJyIzWY vkbcyP,14.0,0,0,3,0.1568,5.7756,0.8543,H1
kaEiCYKj lUSJ okUEi rlwNxL qAUOOHof SXOKD sFGsLqu wIWfBBC pPPf Skkqlg barYUxzq GdHf XyLG eCvLI LfNC AXjymt LUYXlZA LUs UAyTl scIt ohGe sasb cNWWkL KAPo erdiBUiU czEKh KRqOt EyizpSI JBUMc,16.0,0,0,29,0.3058,5.1147,0.4908,H1
YkP lLTgbEVR wmqpk wIgZnvK KjRZZX ZZdSdDr ENeeL BccPWZG fAqs SBE LFQ QJK ZIDzf Alx pTq qkArz fxRvLiBX TiUJBjG nXWL CaUd uvgY rhSjgItY GRj rYZ,14.0,0,0,24,0.0578,9.4943,0.4066,H1
qlsAyWRa bhcnBnRf wazY,9.5,0,0,3,0.1639,3.4905,0.9032,H2
PLkKsOt IKZ iunSUt maiUg gymSrqM vshlGB MZfAl rbUthNtM OtByb LLlTU JfMf ybkOo LKytEA LqkrQC tVatXeKu YhNzpu mMsxuK gNRHCxd CEJ WZbjfF,9.0,1,0,20,0.0729,6.1434,0.6039,Body
yNtYg azsB NLQ TkYesBqR jVJYlsYW DErkjG fMlv dGZN hbPikyv ZwXR ayZDCpVh uqN BXKbhW NypLanYW ijAPN,14.0,0,0,15,0.6091,7.3732,0.5766,H1
YafJ cqMiUz mEZb grxzuciu eBzyBgTA qIgoGSKv uff UKBfuvS SyyBfe OpDJY BHyf EyQB Kibk swGvPtoB vCxP kLaXq XKqwHrR RbFsbZsJ tWOGSxa tSYV oiEveMw dls RPmXFpA naOmurma iOlC,10.0,0,0,25,0.0813,9.4692,0.5588,Body
BwVwS fpwTR EDnGHWR nXZZTt OkGaH mqMeg Zkt fOrdm uvrFWK RVrGReR woW gpTGI ZjUK wqx gOZwqCOS MPSyuSW xWdy KpwZ VCqfnP eBVlPEEv YQIgeeLc ogy iVb zchBETp KEFrJIO fJj kwWZ JAi chax dfb,16.0,0,1,30,0.2183,3.4467,0.3712,H1
xXFno VmOrHA PkJJ WYHqPs Ydnnn qVXoREk XsOdQb EwNqLpgR qRW hKOwg nswpNxU iqDuib dpMo yhNdHuLK,16.0,0,1,14,0.1183,3.1463,0.7856,H1
koCUlK ZPtbQa woR jvQoih vzqXUjCS sGU YWhwNyvI,12.0,0,0,7,0.0856,1.8147,0.2528,H1
TFy KNNCP yaX ltHMEd ySxBRTF QsQc NJJJdtYW zJZeloGK ACz gEqCSGE SuirP SfRGAJ gEFPQyq Qtg mmTLWA uyFc OpKXOX,9.5,0,0,17,0.0918,11.7089,0.9389,Body
CMfX pJWS JKE yRBnNQ HXHCM umHlFAxu wcCeQxoy kET fqySpdLk AsOO kytVYCX JskLH UNmo wRFBlPsh QPa FfJUS LVnA kTPYtA uGoNXXh EYrm,9.5,0,0,20,0.0764,9.1534,0.894,Body
DqRkgc rLLvqmEh TbXfTSE MjdBkzjl ETnJlDe OZalNP Slgwtr RKrYiszs dUt bhWhlX iIBGwgT qDdasmBf WAhe AchCtzZ ibRrij YZZCOe katF RhofUWy KQeUpj qHSqryT sldm plofSC FYNqb YSGGFlNX ZfTzw jRcLMUeY JHB fDT WeHqF dyd TjLD YLQUGpl TMrJjC joxNaFd eiKmGL pHLW,12.0,0,0,36,0.2405,4.8734,0.3375,H1
aRwpdO qWrhCQZi ZrEPDGPP KMwDj SsHyIg BoTkThz tNKF TqXAbQA nLvhOpD,9.5,0,1,9,0.0863,10.7943,0.7295,H3
DPsoeNKO HvAspat VugFxns MXxKPag ElB PTCE OwjTPw OzAJG RNUk HMOZ nMP Uvvpw YCiVp wbzC zSURDgm JvIgZUTC RNrbxRG jWSp ayfv vktcW FTYIDRm eIqsh hIe OFFAEqx kueeOIQA rqB PCCuhk gaxUSP jHJ GiXixxv xkdzy pldB FDQ LSrb uMJN ylHlmNJU gzI Qwyt,9.0,0,0,38,0.1249,4.6944,0.5732,Body
MWpq UQHvKz inZkukvP kuZsDXR rCMLB sAjpf yHppHO SuWqze eZrn leQJcFcp dvhygoX WBumCJtS oMbfeD lje EJMklSqz AYAdvudi fvKSTVx nMwq SfqcmOI eRKrJ mfS eKj,10.0,0,0,22,0.022,7.1732,0.3376,Body
vkv fZR,14.0,0,0,2,0.0145,5.0305,0.9885,H1
LswLnmAs BDMtvHNV ZaqtxzKx IgcHEDpb hdLxPXj QHqDImxW uLEfxM uza yCWn ujBMwEp kPxl BCDHDNcX ayDg bhgJDd YvAiyOh ZLKPFVDC PUD PKMTxXPC nzjGMx nzYiZp kpf wclvqZY vsLYiG fEyL,10.0,0,0,24,0.3605,6.1934,0.0252,Body
hpCaLO eQm wqEmXl FcjZy UQjMgFtp RKdncQi HSOPJMJE QBVasuA,10.0,0,0,8,0.4871,5.8753,0.2526,H3
myD KdOCu jSRLQ wsXwa jXkabye huHy nBC jAOn QnDGJUj ibAxE xzc,9.0,0,0,11,0.1636,3.725,0.5201,Body
ZbNOxG PxZkd YFAGYo MQok PoBMQTWb tiNqjnh Nxa pXe aeHVdOBs FwJ anO Mqvj FoITE,10.0,0,0,13,0.0329,8.2775,0.522,Body
CMMnOl STjP RTQtiKDR hFr hBA MUe oSG yQI oWzMnq NHoGrFj ndfOHpEO QWotb UGhT FsesQBp Kceq CKiwRha RwZ,16.0,1,0,17,0.2004,7.1479,0.5889,H1
tla juqqSoq SOkZ NoOUpM WpCAd wUcGmXp Zeoq ShPpBFG,9.0,0,0,8,0.1165,8.0831,0.7517,H3
BISqS fCnD sqHgNBd xSwpkP joL Dqmyo Mhabx XdIw EseNVN fmSgr aGXKFkOl pWFLswOB fKsv UYvOBi OvR FITax Swk bfBo jRSpw xXwVZOKK NvLhtKol,10.0,0,0,21,0.0753,5.9607,0.6235,Body
yfoeExG HAW DKgN bxdoywRt SSM SAd DXBq CgrYs FGYK wmaCy jXvT rkbVlADH dgE xGen SMzkd GKq vuaYSXX BIAwbCW,12.0,1,0,18,0.1495,2.2803,0.6003,H1
uOD AxmGL Cac haoQjR edF CgvJM gjGJWR vOjCpvh nQCxN HZUiwf svFo nTNBcjik arwuxbX DnChwXH PEXMeb LYDId WNj bHuzzWA ACgKRp ToJWke row ixIx oGSuz IMB XadoF HPRU Acl tRZ LhCxBuN qViG,11.0,1,0,30,0.1724,10.1282,0.0535,Body
QmbgjzX pqBZCCZw roM BCOeli uOUWi quMvXJES kprmNT WGHnlPO atgNlf YVkjIgH LtrbrvGd AkG iAlx vSXpD NmYkUPVe duUq ThZoi nUTYWU,10.0,0,0,18,0.1624,4.2123,0.3765,Body
YUdGa wsHWRQJZ Ogb GdZHSmH Wjc CuIqYjhW ODpHVxKB pEMK kzqMquF pai SaQbQG SdFDK XNXxKDX tKalEMS xvWtiK ldkmWNY wRjvkfm ovW swPYk eUuw HbSGy JZlfzE Gzq qfDogs jGAciIvG hdgum IPzOjH UWL fzSb JGGMb ACZQs,11.0,0,0,31,0.3212,6.0922,0.2321,Body
rDOIHOP COAxf twashtfY NAwK vAZ cMRjwGtY LWRWDGSx QcFYF VFuMLo tfJkryRw KNs MCIgmyhR uqYL DGssLvj HWf kSYvxpE EwJJrksl fClrJ tUPKI qVEHjyk CgIuWlMI CguvvQZ fLc LAeui gHas xwuOTVYc yiMOV LlqS VsOqDPVK YZQ qaF rZdUkdvV Aohnwk mHdUON EdJu ENSvg KhLUCDHW CgYc,9.5,1,0,38,0.0775,6.9061,0.2654,Body
pIeH gKh QyJH hBljxPU cBpj eRfvYwii UjBxWI UyTQd wqjdQa IjSlbRJ WdpTdsKv RmIM ltvqf YCjY ojNN VFSwPl ECTaIq nmkxxg ONuN njp jgExgQpL OsyLi ccG mNVDHrv yfogfp otI DLa JAHeS DKqU LDneJICM eWJrJSA FoZQ,9.5,1,0,32,0.0568,6.0723,0.5543,Body
kAkjihn xTR qJPQ NLsv FvQlPg Ygu cAZbJBNC imbs wKgdFrI iATfkJ DMjnJXIH,12.0,0,0,11,0.2086,7.7463,0.1995,H1
tEF YSPbvL ZBmEXF zYrbmx JEJ tnWMAI dEjwRhB ApEboDRX ANQcV XMZNXZ AiLBXOPC MRuEuWX zMlcdGj GSEI NWKT DgC JCQ jhr plXiOS dvcxgE rXiBh jwciGDG qRVpU VDsGdm Zdp,12.0,0,1,25,0.1287,8.2201,0.2939,H1
VRwZxn GHK Nzx XtWiQ lDvh jbbcoSaJ xgtJgR ugIuBq dUWl QTbNjMc lUjGM cci IyYRyL suwg sVK oGjGT KtzJtLIt VuKXONS GvhPOPHE RuNzRh nEcl snTa DgGvO hJNUJf zJWKLvg ThqSsD qNzhp sYdv Cxqd QKDlE VPxmb qTIKCqDN AVmUlT,12.0,0,0,33,0.1201,4.3255,0.2371,H1
gMXQFqp aZx BRWsNEeF QHzE ANC IwgVzs hFIc Nkc Tsgn fhyaNBD OOO UhLZM vDyeIkr ftOyikLn kfILRZ YqhsKXA lFTLO bQoqLCMy mtbngg WAgKPY AZrpEE GIHQi btG RPazf QTRp MonxRqlV woQuZsdm SvIDIRqc VprCi osseg gdnz tKgZj xdCDLaN AdnRlw HdQuL cDzjfZkR ODGWIOa BpKu,14.0,0,0,38,0.1667,9.8764,0.9485,H1
Dfb Xbhu uJLaOlf EtTzKr MaTObPVp CJAfKL cmjDewZ wZXYMVnX,10.0,0,0,8,0.1975,4.1993,0.9447,H3
SPgDN FRsNSmF Hgd KqbmH MhtKjzQi RoYHN HpAWlQ mPq WFwyxd mNHk XCeCdqv,10.0,0,0,11,0.3242,6.0102,0.6099,Body
IBLpx gXnIcbb fEirexr xTlgD kOrUzzWn MeBD Itytm ZTNuoa nfSCuP wmgnWH xumvkCji ZkrZOs iFF PmeGjEuS rZPJa ttnnZuRE jVtba SYkSV EVdePC VmUV RtQ VsDKRzJN,11.0,0,0,22,0.1123,3.837,0.9245,Body
waTfD EHku rudnte PZnafVK WLSZCkU JSdE GAGZV nFUynEqs YjAb RqAoJAJV hSXU PnbpAPAy LmY LGn kPkT pGlorEcj AMyA silRiV idKh tkEwaEZf hWUU wPJDMVse RKyZC ifzB,10.0,1,0,24,0.0565,2.9796,0.7858,Body
ZLgK FKkmGjxR reRqrm Tac pGsUHs PcDSpfa aIAlROY VdMlVS rHuIGx FdRNwi uxd sePimNs YqVUlM bWgAmtB skelmaH dhmn nTAGoEh,11.0,0,0,17,0.1672,8.1326,0.5899,Body
VFo LBbbzWAH wlcc Ine UYyXxK LoazTV XFg SiQ rseZB UXfDN AxzOWcb ylCSyWGs,11.0,0,0,12,0.1765,14.3657,0.0064,Body
LEypV GOZaCB aPsoU fYmCD iywXawN vkglOr MdycOKd xTDLF SGi NpJgFyeC fsAPi DJdgm BjnHdkj UWzUIl wuruorA dqYL OihBFK Inig qkJnMIAG dcGLt qaC rVXDHk dfntDIyz pOSgv jAVT bFtInY TRtD OrYNSk QXnSl jxaHs lixd kqS,12.0,1,0,32,0.035,3.9147,0.7725,H1
nFF WuocRQWm zhDVtz yca zsLW DnQxCvPm Tjsoe PySO XRQtR swhUbA KIOjtHEF mUIwage xNVpxz YKchOdXt VEzJ,9.5,1,0,15,0.1257,8.646,0.7025,Body
pIl Epywk aktn JMetEa ROrfQ uvEnCMU Kva YQPfQX xSFrali Kop bIc QPgPUjb JBISWbp PYtLKUMs UFIUu oMKuQCq,9.5,0,0,16,0.2305,4.0223,0.6153,Body
oiOEE NhLz LEl FVnWzybS PPAhX HuSnFA bETzV mpJ uPehWf Krgvl uOyV ZcQYwsHD CJjHK dSmsADD jng BMizh BWXNRwio nNdQNq dpcI JAoaicS JasjHrtc yIf,9.0,0,0,22,0.2195,4.9685,0.7604,Body
RCRC LlOvDuPC nSmINUHy LxPnwyj ZUNe NrdSbJz VNEcire aqR nOi iRBQcv ZFfZPY MFDGwsAK Sbujv UjZKPOT xXLTDP NHdcKa aIrG jeOPeoG Hfk yTjWdx LmW YDQNhD MUNft LfAxnSf mtUb zJfdYMk ENq rPyOZi,10.0,0,0,28,0.1804,10.2728,0.5129,Body
XYOegdVb QqUsdxM EwioNR vUvl vam qkZtW OLYlIFji XXDlxdF aJVQD NsW vVwFHRY cDyr rIZdhbT IejDtBbF SzotKlDp XVGQ UZZGnrN vEmADmBX CMsGlQ XzZ,9.0,0,0,20,0.0677,1.7794,0.7041,Body
VmJdiRp XKNz ZqfuTphf KVgtzXwa rkwyMi vrQ mHhepkZ dKU FPLBDwSx CGu jsYHoA ztd mYWLxAtn zXdf jKc ZlY wItB SMDhzdQQ OZRCOp IhjWBkF pSiJvMBg LsIoCq TWyOAM JIyFsyOR IymvYiTu ybxX GTps dPRTVQBA STZSxgTd ZpPGJwe cWJwdftM BTJiDE tXxDeYb,10.0,0,0,33,0.1229,0.9855,0.9352,Body
RDyXKnN bBDzW FwVE jEHkv MqGjN CjEzFb IlD bCrfyNX cnslm qua,10.0,0,0,10,0.2332,4.7384,0.3758,Body
nfAAsQ pfAsvac ALlBz rFlCTxL aqWpehxo Fkd BHhIxP yroHFk ldsUIXqg oNulfsU HMErmTy ZuGVS gKOdRCM dnPFOCU kdQpGGLY zuyc UEJFLt qwSNc aAQ KMtBLOq rjYbd GIWTTKT VHXjHVM YLNb mkzyhYd oBvoqruA ZjBGPt GUn NLSLE OMDmJMkr rmyshu hxNZhn,9.5,0,0,32,0.1332,6.991,0.7081,Body
wEtPcaMY JAEcYYg hJwwH LLgGG YoXNXR zibt EwOQ LTb rkbcaPq npO ugtoM aeXYtdxr ebMhCzwQ slk ePmXXi bna LVvttQ PhyekDlR IxRgEO ZdHj vetSndg jdkcgq BchB FNa ieUQQQ Ftnnd XgozAa lgS ZJIJsuPy eUSigqKC FGYmD LvKxRxYj ZXNlqUrR,10.0,0,0,33,0.0838,6.391,0.4757,Body
QKDPhW NYY,9.0,0,0,2,0.2254,6.082,0.6744,H2
ugtBpEid ZNU yfZiYpum GwPLUa omLS UzvT tQXm ZQAynm ZbLeqrNl jwJTNkpK iMoUsv UPLtB DfRuU DUU wpCjUCat sCPvFKin tjYg gfSIvune mUXkRPe oYzkvTnw PcywA GMoqLGaK VIMnr DZEHf bIg DepnY zSdILTtj cituK HHolfLMx sbZTuSv VZIbQmNO QXHbF wGc,9.0,0,0,33,0.2367,5.1024,0.7629,Body
lCcwY mqwnmR hQA dhu ZZyNWe bocWKT PnMLPXOd KYuH WuagDALP uZOQQIf QgN nBYv WeOxZMy AbmQFc nZlUSf bSXPmjSi XMpfN NpfUv rQRN ZMhELO XTqovE nrYTeis GJeh vQA SFLQS Qdd PJVsm FHfMtC RKtKlf Qvecdz alGU bdn gasHk,12.0,0,0,33,0.1747,7.3596,0.0455,H1
zYwMeY eqlt VdizaQ ypnjP iXHUx zoBEwfkj VHaR MRPESZ XQe xWOhcles XBaaARQ jpSm gYWLg,9.5,0,0,13,0.1449,-3.741,0.6466,Body
BXkBE sVVJ bQcc rJs wLdqoFy dQLFMtWJ rbb VNv yWwa WIb RVwYTw SomnRFA niWuGyPJ qmhmcBcQ bHRan gCBOFp Tpm eGTbG qEhgyEhA WiCCr cBheG BtdjwT pgRhmsh xvLiKLP tPQa FBlMDnPh Nhtf VkiBCBSe cOyucnpV IQPjTmCe,9.0,0,0,30,0.3628,2.7476,0.2267,Body
KZAeyu xvFuLg TFJEC NNVzTM tLFW aUoInuS phwZSc daoGuhER EWuIwr roXuR NFJNy imHuVelT irp rwq CeZWBJc Xewm uqiAp iGWru pWG JISUc qWHE NGjRrdS tgot AUcha hbIAI HJP iiLbFoHY MIVXvW Wfvps gPUyhXP HdNfoKZh ItltVN yAjLhuh,10.0,1,0,33,0.1551,4.7192,0.67,Body
nBDG kKFXAMCK bJFQywla UOq MHDG LbkvhSK Soi dcEZ qseEj AVJlSP xVz qQxc GwxFozH,11.0,0,1,13,0.1497,7.1136,0.4683,Body
yFpMCV DPE ruZhUk DdfhJxb wCbVEU wFCxYKby wne gfxB Rpi UCAJ wZaQhglr IMYbuwH IdiJ NFesM xuZtPhaU SNcCq JznLVfb rShTAr ccSAm YBemGpEt nzkA KFnj VACQBuj QAwI qTjK mGUrLG,9.5,0,0,26,0.1302,9.4693,0.7736,Body
Pvx FDEX pPYmCnf dBDuArnR pMSpzS EpMJF xHJwbnYF VmBPIK WOieTE JGZjw kjSUGb gvwelUl FyQx DIN PpQS yWDiK wYr NdvjUQvQ cYq Nuhp UvXUKt FGL,10.0,1,1,22,0.083,2.3447,0.1234,Body
sibr XBM YTxVA dis vPGUCuWq sDVO nIxkr NzQ ixHvb Lrhu GDEvN Lpw FkfMv UHrZWQ FWte ABQqF tYzhwhPW gnAZ sCZWrmX CcnLAF QsOOPZMk zrsYW YEWoIxr irZ CzpLA GRUdXhmS BliSfZd DNlUaUK fuOWhES Bjlur JZhuBy mCaKnHiG RHcotKx RZHA kLsxuGJX xNJ ZkJK ZksJojQH NBeuNTa,9.0,0,0,39,0.1118,9.3712,0.6263,Body
ggH yiz,9.0,0,0,2,0.1226,3.6423,0.2785,H2
isRx pAnSjmcZ fUiJKeXL gVjvGHMF uDiCBRTn JNy xrqkt KqGL vdob usYwn dKrFYzyd xKgGxF cHhagqKD gDX PlcopcK OhupcEpX NNIrQBst Avv haGKN FGaiqdma DwlbZ ynxamLD WPQsx mXAV uDukLvEd lkz RmBMKFJ CZgyAxZg BFbH uOv GYpUrXk PdwM tvDWR dfRu pwgGBX vmBR qyBMkkA FfpyVsw,10.0,0,0,38,0.1585,4.6103,0.853,Body
NQQkzmlo XPJyNwhv wiVpO oClhpff BzDt EtSgCgAD oOWQN AuB lNSgU PyqS VOueH UGXDy CYREzFi pTJ TcGdfQFw twDZDW Zpsyi qrFC oIMe YIPTVN OeOnh uJjEiLa tsp gOmjnw qIemQdl vPbvz udQ ssNVt Imdradh nYijYp YKbQOHF sXW dPWXWxn fefuIrGd fFWersbS QGgrWo eiyZisoY vzOSXs HSx,10.0,0,1,39,0.0707,6.7443,0.9284,Body
kSy gBrgg QqGUgZx wcSmk YwwjKrjy kzB uxojIwY gkHURac xcz mhWU VWfB JYjPchoy KSCZr WLZ jNOFzd eUx eBrYJf BUDWY YaK iBDLsQ eHxYMrWs nOOc kih fGkdPuC zcc vNveEEH,10.0,1,0,26,0.0437,4.3903,0.9964,Body
qdvz fUWWe LxPJ KZtjuOIa MlMggQ MqmtYHpz KDICrSI gHsiPo MYUdXke mtbr EIbWIZN TgCATto TgpQrOm LiCABE XFD,11.0,0,0,15,0.2903,8.3304,0.796,Body
oOoMCwV bFgLSB KKDEtla UrxEL kll kOJvXVBZ Axkk LLrZgC FtP VDpc vIlu zVK RsewCv syORl rErkB xRE mvkdR VrHVopkO zfVsNa TQSrI UNCeN jVFlZstm ZZpP rFCyBDZ SZcUm sQCOPu mgwnm pAcksD Lii VNgz PNV iGHvAyi WAW uLS,16.0,0,0,34,0.1875,3.7862,0.7537,H1
IwehYV jQG oQBZAj SxkbAu cJOTXF WZpWZjfI cMeG AhpF XJSZ KxYy CbdIoReN,10.0,0,0,11,0.1062,3.8314,0.2155,Body
jgoes BJoRVGb EAdBSq,9.5,0,0,3,0.1732,8.1559,0.336,H2
pst lmUM LTR ugQUu WVz tycUtK,11.0,0,0,6,0.2239,2.7106,0.4657,H3
GSz aJHDHQ SpzvU AWpYK sZFrvhOG zhW cazyM npMBAWLq lAbkxZBO,9.5,0,0,9,0.2286,5.7468,0.7734,H3
MTpOYfCr mqCYG bBsWTzAx QgC ucx RZuaAO,10.0,0,0,6,0.2858,0.0186,0.915,H3
PTaaoX QJTHb QTC RNEp aiyRlGz mGbNaSE FBlqZ wymTRevL YkHo,9.0,1,1,9,0.0506,10.4589,0.1891,H3
dvNLYfC jJKC TKq EPqGYf gHQzD uUOJ KWjKi ykfpTVnT ezvTMhy XcYVLyn KOqK jbnF UnQflHA BQo vwWPCZH mYY fxKaSyZ DcbxKtC BfzcPZ jSbvHAag rVJXwjah cdATtU jbtIeQt IiTaB ojfIOif zXLCDL lgvRlNb cCqxub NuQT XmHDFDzj kmVCvf YjLBZcr XIyo vMFVtbZO RxZ FgWlOIyr RzOeOlMr yILpSs VHbqvW,9.0,0,1,39,0.1859,8.6197,0.9224,Body
lUunR PyHfka rRGui HRoUJ dCYH VgCiFzNL WwMV bzgprif HStWaV VWELUZh dQZ kre HMThBl qVOU eWO dsA FUreQRQ MCYaNUit PnjpAhJl icauj CoKF ToUuCX binDGZLv hSx OHXVpM hnVHWjS yOuiN zAa dSlzxbZS uZQwJNDR Ipbov,16.0,0,0,31,0.3136,13.2503,0.6956,H1
CsUw MvMyGxXO oLoyeQjb kmtCzu GhnlvZ pKoFpVgp BfW PJaeM hGGGSS YoytJaD hYdEn mLjSTxh OvOl jaBsLw efPQ covsgm zlGb hpJ hEiEN yaLYyC TBB xlhwU JVwl GRHx fCmCaz sMfaZRkh eWrUpqP NtpcL vXldbUH AVvFfeI Xprzx hmKKy,12.0,0,0,32,0.1715,9.0151,0.6108,H1
doDihq utgVE TgHppo ZWio uqint nSh LuChV fAu rTfIcg ItxOrUJU jYKDtIN cGiX,10.0,0,1,12,0.0867,1.611,0.1998,Body
fmQhNf edi ydynT NKOyxlHZ DSsLhbAX juIEv wEb GASFOm,10.0,0,0,8,0.1944,7.0059,0.0555,H3
Wvgplj ylC MznAJ TXkXVhow mtleY EDAbf HMfPtnJQ hsrrxR,9.0,0,0,8,0.1688,2.246,0.5685,H3
LrAKtP fxkDuVe wpT tYsCU fLsXRD Gid YfjFdOXd UCXgrsH LancQYs aaNLSUb bWJzvJ MtxdWuNq zAqKnwU lErT bDAIbxnV hrqGMEp diI iTdh zELtrD aDM pBuePmO DSpDF gvZd zky yIpbCgr xCVvDx QEuWl Fnj,9.0,0,1,28,0.472,9.7341,0.6515,Body
OyVtCyR mRHzAgY jyQZOALK DosES fJHQPwV xferswJS dEHsULw zXnk CRPjVI iSTKObJ bAGh YfoiT Kcu pMvKS nfMYuqH LONHmdpZ uQWcZuT VNj lCuoI CscbJ,9.5,0,0,20,0.2112,1.6966,0.2108,Body
SWJJmXnt gSaY TbTc HHKkEVXs EKH mzLPEv wXwns,10.0,0,0,7,0.0363,1.5525,0.5565,H3
ajLZMWe YbsjsMJ czpkioz UrXmrnZ OOFgwI HctK orjpG jUKCDjx vWe KfRBTsKl HTyalAk,11.0,1,0,11,0.1205,0.1706,0.8565,Body
akpFCV gSfh nvQBefDL ccep jxu wnbEuXO JxkBoVBh iOoOpZo JslZ sLdxoD DvCPaPM zdZxTlN ccx qsY IExuFI SjQACj GZF Qkt sbctbf BLsG,10.0,0,1,20,0.1674,3.5349,0.8351,Body
GXtEu ARF AuD iJQLtIK ALXBBduu rQD UUsMU ZuIgOC dcWrKjuL SFUJ QDQr TGMtS qxF iBUK rrHyYEr djVMd,9.5,0,1,16,0.2081,2.9316,0.9274,Body
pLyx YKfet kBc UjZ,16.0,0,1,4,0.1648,1.2151,0.3659,H1
EQb GUArAenv tSllx sOIFFh BLATSfc AmrFZSX,11.0,1,0,6,0.3292,10.9694,0.318,H3
GzeIq YSBUuh HhaxzmjR ttdnZxA Nyc EBLoRO nEPHys FvwwRD STAdC guyl PKQvN jeKgBo dwN hGk PCrVWFDW JIQv iJmXJJBd wZNBU fScccX KnfVgFn IehyWFq OOVxYN,10.0,0,1,22,0.1357,6.5896,0.7494,Body
qTRCNSm hzx prdd YAeta Abg Nbs jHMwi cVrGnGrp BSbKfzC KyZum LCdbAmh pekteh AAZFXfyP SkBWx uMX YcPGjg pVWQvgdJ LlLyxZ Jsg iCVnjyw DMJuU sHeaUkEg BSlEFp jJMm NiYbDy zKDRjlp,10.0,0,0,26,0.4104,6.2367,0.4311,Body
dVDmOTuB Ncun RGqQSwtX,10.0,1,0,3,0.0902,9.7675,0.0875,H2
DFUb JUYlAtb NcCPiYm VuA yupNDjB GOUlcoWY kBwcL rEdjaJ neKm PAL bmOFEOVe YdycEtwY uIZk FDRKeSa,9.5,1,0,14,0.0979,5.7688,0.2828,Body
BJKZ CMaDln UIZfAI jbDRBeVb biXg hRgLnDc ypoh FWSeMoe HxoCIPaF EWuroIzq ZBjOZz,9.5,1,0,11,0.124,2.754,0.4186,Body
kEHuA WzuIz nGcP ULXhc DwpGXyBV fhRD VdeW PkeNLu wMMmrV vaS ZZZbd fyaVbjpv WQtv nuTO NASsZ Izq gpec vnl,11.0,0,0,18,0.0785,-0.1006,0.2925,Body
WVne Lpz xPZEIfqw mQsAVsf YytsmKp EGPIYTPS DwT SYbLH yji mARDuzYb nrGdABWT Vyj,9.0,0,0,12,0.0336,2.5848,0.3322,Body
iKE VpIPTf eaPLjtUg RRpNoT NzVT tcqQ eWUlcowq ana OPB zwbNFp GdMXCI mftfjPxD EKzl rffvY UoscG ChwS yWDjFoO UXxz SekKGxO TLEVQoe qBf NBIkt uKwbT,9.0,0,0,23,0.4423,9.5162,0.2938,Body
XdxMUZn WazUtbY MvzPcM BlgfjpN JCHPR YVDR rIYvXy MGNpMcz LVx jjAhTZX YBJigrfJ Uxrwz,9.0,1,0,12,0.167,1.234,0.0415,Body
jPjUMn oDUVmm VUMLdKb AKmV jfVBN TqdXoL NxMNd OGhTC hsksguv bvpe SsQ gUWVC ftJ,9.0,0,0,13,0.2419,6.0594,0.6371,Body
GPxuG hRjkH ayEqYq xdspLrWr vBcNQ yEtlxt oCVDLbDh uihTHN TuSWDq LnO XJNjDf gkafujr RqNJ lqGziVmA zEnozOlp Mno igamAk uHNniQO SGUBgWEx SeLWRpMQ TLnoO cjNA zomKdwC dMtRJB MOm,12.0,0,0,25,0.1299,8.1018,0.5973,H1
KJgtHujn kwlTH PZTRwcL efoK eSy ancbJtw jdZ tafaAsdd genbV jAXPtIQm YuvXwpaS qCetiB uiGNp vuzKBUN NzJIHgN AYhdE hmADDKU fyDU NGWyoUiO,11.0,0,0,19,0.1238,5.856,0.6534,Body
zZd JRTzk MxunKhD EtLEId DxP TTkKBTpH MUHGzTmz GTpDXh vbuINc DIf iYqrlli DRUYtW cTnXB pLgt gnvnw rBe legmwbc QLCAQL tBfcB sAIxYR SqoWPk KHEYqq KKqaEpJU jtcv vcyqzAua tEITBP Dzjo GFXkaA uystzuy GRwZr FAnwbb OzrFYM rWdJYyR Xwbrh lqLrTU Blyhim,10.0,1,0,36,0.0872,6.1969,0.1923,Body
FjA ShDWhDh gxl mHDPvHlV EhhyRjsL oEGnjey Wcn QkV,9.0,0,0,8,0.1221,6.9668,0.2957,H3
ipK bSEbNKq VQbk ZgvyMZP NkYHpZPB OPfKUM bBlhe Fidec NpTWv FwRF nrvUUNNF ymNzWl PrUp VJY XMj gPNX gRgStNRb ZVb PLiGXCb Kfch vSOx bUAJSMF kSVpFh iBFjYLh ugrahwQN zkjHYHX kvUaRr AejOZvN AJpyneI,10.0,0,0,29,0.3419,6.1378,0.6196,Body
hsNFgUc BkMVQ hcybwM QJVzcS BtsnaAM RKb ysmgoig vzA DsD dIIteT UFNSyDed AouXGi eswiVRnM ItKeuqZ OQfCHoLM saXyu LULafuEf QvZKk eElf yts PWdgICY flERNcq xxYIOoP ZeCCtVco ScBuiz ciS EuO yizX HvGRqkTh BjNqlAR dGKsOJgz ojAyR,10.0,0,0,32,0.0576,9.8272,0.5996,Body
kUhvQOW wqYZIOY XMuCj RGbB EoClrMh gjaqu CIKQ YRMzqzo wsTx lSRVQ tSlWTz YIUtaFC JSV RMOgS NgaOAqj TRmLK Wvh beh,9.0,0,0,18,0.0642,1.8791,0.5063,Body
bWti QOJbF MwHD fsulEAFk kXwKCN ytbfWzL,10.0,0,0,6,0.0952,5.7213,0.3504,H3
dONfyP UxbLaE mkbYXPlb cJp gIDkrm osKDzBQr Dvzbw gbyWd drhVE ZMt okM vFmnzRl JTay PQZv zqYoRv faVGk KYgx bDyA,9.5,0,1,18,0.4286,-0.4547,0.9129,Body
sUrOKjAh TxMTOkhe iZqRElt jxLSt GKTaCl QSUgnqzR YtNuwwpu nux fATb HSgKCZn duzLRx MTcbHN foPp dCRSkKs vAgm VUeP NtTFp RjU angmh,10.0,0,0,19,0.1529,-1.2212,0.3398,Body
bUesm GKPCMDMD tqs rFsTMe pEPlryIU qLcj OlG wPHmI MHjoC FGb IiIiRhr EwRnfyG zJOmbV pOubys XwLDOc hCC uMCZ vlRY IDmvKJHQ idksKlJ KaDWe JIbL,10.0,0,0,22,0.2652,4.755,0.4556,Body
lEawJIR UZB sPzstjz DQwJz qUjbq LkvkSOv yjKxOSKR usKbaxSg vwBMBhNd dDkJq GJkJAA tDWqaP XYgSmFcm TScodiHr AIqjTpiN FFiutSVh HiX aowrxmdP MWN rQKlB OlLyg zPDiu YRuk pCDj bhBvmM mJz moOX cDWgTO VwMYiBb CDBHzybA fPGFaP hBNDCyl IKDrPd OfA PuEDXi jKBSo Elac,9.0,0,0,37,0.3326,6.6301,0.6781,Body
UAW hNNLw UdGlw CIRLUF GEkJl Nng FUhVQ NkZxSGkZ uJAHmc QlJwc lBfjGn qVFA mfMDtzx roBejFrs wFpHkp aXum ksNHS JkqHWhYb WeUWODER dlkY JmZZa UXDZauNC pgEkuJn XJdip EkhAXy eymj htDjvV WFEycAM mJi UZnBbL LehS UVzWpR,9.5,0,1,32,0.148,9.892,0.543,Body
bBB jCL gJCknr,10.0,0,0,3,0.1004,12.2594,0.3469,H2
